
CREATE DATABASE IF NOT EXISTS SolarSalesDB;

USE SolarSalesDB;

CREATE TABLE Solar_Consultants (
    consultant_id INT PRIMARY KEY,
    consultant_name VARCHAR(100) NOT NULL,
    region VARCHAR(50) NOT NULL
);

INSERT INTO Solar_Consultants (consultant_id, consultant_name, region) VALUES
('1', 'Allison Hill', 'North'),
('2', 'Noah Rhodes', 'North'),
('3', 'Angie Henderson', 'East'),
('4', 'Daniel Wagner', 'South'),
('5', 'Cristian Santos', 'South'),
('6', 'Connie Lawrence', 'South'),
('7', 'Abigail Shaffer', 'North'),
('8', 'Gina Moore', 'Central'),
('9', 'Gabrielle Davis', 'North'),
('10', 'Ryan Munoz', 'Central');

CREATE TABLE Leads (
    lead_id INT PRIMARY KEY,
    inquiry_date DATE NOT NULL,
    source VARCHAR(50) NOT NULL,
    region VARCHAR(50) NOT NULL,
    product_interested VARCHAR(100) NOT NULL
);

INSERT INTO Leads (lead_id, inquiry_date, source, region, product_interested) VALUES
('1', '2025-05-17', 'Social Media', 'North', '3kW Rooftop'),
('2', '2024-12-20', 'Direct Walk-in', 'Central', 'Hybrid System'),
('3', '2025-05-02', 'Referral', 'West', '3kW Rooftop'),
('4', '2025-03-11', 'Direct Walk-in', 'East', '5kW Rooftop'),
('5', '2025-03-26', 'Social Media', 'East', '5kW Rooftop'),
('6', '2025-01-05', 'Direct Walk-in', 'South', '5kW Rooftop'),
('7', '2025-06-09', 'Referral', 'South', '3kW Rooftop'),
('8', '2025-02-23', 'Social Media', 'West', 'Hybrid System'),
('9', '2024-12-27', 'Social Media', 'Central', 'Hybrid System'),
('10', '2025-03-29', 'Direct Walk-in', 'West', '3kW Rooftop'),
('11', '2025-02-06', 'Direct Walk-in', 'East', '3kW Rooftop'),
('12', '2025-05-22', 'Referral', 'Central', '3kW Rooftop'),
('13', '2025-04-13', 'Social Media', 'North', '3kW Rooftop'),
('14', '2025-04-11', 'Referral', 'Central', '5kW Rooftop'),
('15', '2025-06-01', 'Social Media', 'East', 'Hybrid System'),
('16', '2025-05-28', 'Direct Walk-in', 'Central', '5kW Rooftop'),
('17', '2025-02-20', 'Referral', 'East', '3kW Rooftop'),
('18', '2025-04-03', 'Social Media', 'South', 'Hybrid System'),
('19', '2025-01-18', 'Social Media', 'West', '3kW Rooftop'),
('20', '2025-04-27', 'Referral', 'East', 'Hybrid System'),
('21', '2024-12-25', 'Referral', 'West', 'Hybrid System'),
('22', '2024-12-20', 'Direct Walk-in', 'Central', 'Hybrid System'),
('23', '2025-04-19', 'Direct Walk-in', 'West', '5kW Rooftop'),
('24', '2025-01-25', 'Direct Walk-in', 'South', '3kW Rooftop'),
('25', '2025-05-11', 'Social Media', 'South', '10kW Rooftop'),
('26', '2025-02-06', 'Referral', 'Central', '5kW Rooftop'),
('27', '2024-12-27', 'Referral', 'West', '10kW Rooftop'),
('28', '2025-05-27', 'Direct Walk-in', 'South', '10kW Rooftop'),
('29', '2025-01-26', 'Direct Walk-in', 'East', '5kW Rooftop'),
('30', '2025-05-29', 'Social Media', 'South', '3kW Rooftop'),
('31', '2024-12-31', 'Direct Walk-in', 'North', '10kW Rooftop'),
('32', '2025-02-23', 'Social Media', 'West', '5kW Rooftop'),
('33', '2025-02-03', 'Social Media', 'East', '10kW Rooftop'),
('34', '2025-03-10', 'Referral', 'East', '10kW Rooftop'),
('35', '2025-04-14', 'Social Media', 'West', '3kW Rooftop'),
('36', '2025-05-22', 'Social Media', 'West', '3kW Rooftop'),
('37', '2025-02-20', 'Social Media', 'East', 'Hybrid System'),
('38', '2025-01-12', 'Direct Walk-in', 'East', 'Hybrid System'),
('39', '2025-02-21', 'Social Media', 'South', 'Hybrid System'),
('40', '2025-02-18', 'Direct Walk-in', 'East', '5kW Rooftop'),
('41', '2025-01-21', 'Social Media', 'West', '5kW Rooftop'),
('42', '2025-04-21', 'Direct Walk-in', 'Central', 'Hybrid System'),
('43', '2025-02-01', 'Direct Walk-in', 'Central', '10kW Rooftop'),
('44', '2025-04-27', 'Direct Walk-in', 'West', '5kW Rooftop'),
('45', '2025-06-11', 'Social Media', 'Central', '3kW Rooftop'),
('46', '2025-04-23', 'Social Media', 'East', 'Hybrid System'),
('47', '2025-04-16', 'Social Media', 'West', '3kW Rooftop'),
('48', '2024-12-25', 'Social Media', 'West', 'Hybrid System'),
('49', '2025-04-09', 'Direct Walk-in', 'North', 'Hybrid System'),
('50', '2025-04-14', 'Referral', 'North', '10kW Rooftop'),
('51', '2025-01-14', 'Social Media', 'North', 'Hybrid System'),
('52', '2025-03-25', 'Direct Walk-in', 'South', '5kW Rooftop'),
('53', '2025-05-02', 'Social Media', 'South', '3kW Rooftop'),
('54', '2025-01-28', 'Social Media', 'South', '3kW Rooftop'),
('55', '2025-01-12', 'Direct Walk-in', 'North', '10kW Rooftop'),
('56', '2025-03-11', 'Social Media', 'West', '5kW Rooftop'),
('57', '2025-02-23', 'Referral', 'North', '10kW Rooftop'),
('58', '2025-02-02', 'Social Media', 'East', '10kW Rooftop'),
('59', '2025-06-09', 'Social Media', 'North', '3kW Rooftop'),
('60', '2025-04-15', 'Direct Walk-in', 'Central', '10kW Rooftop'),
('61', '2025-04-24', 'Direct Walk-in', 'South', '5kW Rooftop'),
('62', '2025-03-30', 'Referral', 'East', '5kW Rooftop'),
('63', '2025-01-23', 'Direct Walk-in', 'East', 'Hybrid System'),
('64', '2025-04-23', 'Direct Walk-in', 'North', '5kW Rooftop'),
('65', '2025-02-12', 'Direct Walk-in', 'Central', '5kW Rooftop'),
('66', '2025-05-24', 'Referral', 'South', '5kW Rooftop'),
('67', '2025-05-10', 'Social Media', 'Central', 'Hybrid System'),
('68', '2025-05-11', 'Social Media', 'Central', '5kW Rooftop'),
('69', '2024-12-22', 'Social Media', 'West', '3kW Rooftop'),
('70', '2025-01-25', 'Direct Walk-in', 'East', '3kW Rooftop'),
('71', '2025-05-20', 'Social Media', 'East', '5kW Rooftop'),
('72', '2024-12-18', 'Direct Walk-in', 'West', '10kW Rooftop'),
('73', '2025-05-17', 'Social Media', 'West', '3kW Rooftop'),
('74', '2025-02-11', 'Referral', 'North', '5kW Rooftop'),
('75', '2025-02-27', 'Social Media', 'Central', '10kW Rooftop'),
('76', '2025-02-01', 'Referral', 'East', 'Hybrid System'),
('77', '2024-12-24', 'Direct Walk-in', 'West', '5kW Rooftop'),
('78', '2025-01-21', 'Direct Walk-in', 'West', '5kW Rooftop'),
('79', '2025-06-07', 'Social Media', 'North', '5kW Rooftop'),
('80', '2025-04-01', 'Referral', 'South', 'Hybrid System'),
('81', '2025-05-31', 'Social Media', 'East', 'Hybrid System'),
('82', '2025-04-30', 'Social Media', 'South', '10kW Rooftop'),
('83', '2025-02-11', 'Social Media', 'Central', '5kW Rooftop'),
('84', '2025-01-22', 'Direct Walk-in', 'South', '5kW Rooftop'),
('85', '2025-04-18', 'Social Media', 'Central', '10kW Rooftop'),
('86', '2025-03-18', 'Direct Walk-in', 'East', '10kW Rooftop'),
('87', '2025-02-26', 'Social Media', 'South', '10kW Rooftop'),
('88', '2025-06-01', 'Social Media', 'West', '3kW Rooftop'),
('89', '2025-06-07', 'Referral', 'Central', '10kW Rooftop'),
('90', '2025-04-15', 'Social Media', 'North', '5kW Rooftop'),
('91', '2025-03-11', 'Direct Walk-in', 'West', '10kW Rooftop'),
('92', '2025-01-08', 'Direct Walk-in', 'East', 'Hybrid System'),
('93', '2025-02-01', 'Referral', 'Central', '5kW Rooftop'),
('94', '2025-01-08', 'Direct Walk-in', 'North', 'Hybrid System'),
('95', '2025-01-28', 'Direct Walk-in', 'East', '10kW Rooftop'),
('96', '2025-05-05', 'Direct Walk-in', 'North', '3kW Rooftop'),
('97', '2025-03-31', 'Direct Walk-in', 'South', '5kW Rooftop'),
('98', '2025-03-26', 'Social Media', 'South', '10kW Rooftop'),
('99', '2025-02-01', 'Social Media', 'Central', '3kW Rooftop'),
('100', '2025-05-06', 'Direct Walk-in', 'North', 'Hybrid System'),
('101', '2025-04-04', 'Social Media', 'Central', '10kW Rooftop'),
('102', '2025-03-05', 'Direct Walk-in', 'South', 'Hybrid System'),
('103', '2025-06-04', 'Social Media', 'South', 'Hybrid System'),
('104', '2025-04-04', 'Social Media', 'South', '3kW Rooftop'),
('105', '2025-02-27', 'Direct Walk-in', 'North', '10kW Rooftop'),
('106', '2025-02-20', 'Social Media', 'Central', '10kW Rooftop'),
('107', '2025-01-23', 'Direct Walk-in', 'East', '3kW Rooftop'),
('108', '2025-01-07', 'Referral', 'South', '3kW Rooftop'),
('109', '2025-03-20', 'Referral', 'North', '5kW Rooftop'),
('110', '2025-03-17', 'Social Media', 'West', '10kW Rooftop'),
('111', '2024-12-29', 'Social Media', 'North', '5kW Rooftop'),
('112', '2025-05-07', 'Social Media', 'East', '10kW Rooftop'),
('113', '2024-12-21', 'Social Media', 'North', 'Hybrid System'),
('114', '2025-05-28', 'Direct Walk-in', 'West', 'Hybrid System'),
('115', '2025-01-02', 'Referral', 'West', 'Hybrid System'),
('116', '2025-01-10', 'Referral', 'Central', '5kW Rooftop'),
('117', '2025-04-12', 'Referral', 'North', '5kW Rooftop'),
('118', '2025-01-12', 'Referral', 'West', '3kW Rooftop'),
('119', '2025-05-14', 'Social Media', 'North', '3kW Rooftop'),
('120', '2025-04-23', 'Social Media', 'Central', '3kW Rooftop'),
('121', '2025-03-03', 'Direct Walk-in', 'North', '5kW Rooftop'),
('122', '2025-04-06', 'Social Media', 'Central', '3kW Rooftop'),
('123', '2024-12-24', 'Referral', 'East', '3kW Rooftop'),
('124', '2025-02-24', 'Social Media', 'Central', 'Hybrid System'),
('125', '2025-02-24', 'Referral', 'South', '5kW Rooftop'),
('126', '2025-04-06', 'Direct Walk-in', 'South', 'Hybrid System'),
('127', '2025-03-12', 'Referral', 'West', '10kW Rooftop'),
('128', '2025-03-24', 'Direct Walk-in', 'Central', 'Hybrid System'),
('129', '2025-01-29', 'Referral', 'West', '10kW Rooftop'),
('130', '2025-03-29', 'Referral', 'South', 'Hybrid System'),
('131', '2025-05-28', 'Referral', 'East', '5kW Rooftop'),
('132', '2024-12-14', 'Referral', 'North', '3kW Rooftop'),
('133', '2025-04-23', 'Social Media', 'South', '10kW Rooftop'),
('134', '2025-04-30', 'Social Media', 'Central', '3kW Rooftop'),
('135', '2025-01-03', 'Social Media', 'South', '3kW Rooftop'),
('136', '2025-04-23', 'Direct Walk-in', 'North', 'Hybrid System'),
('137', '2025-06-01', 'Direct Walk-in', 'East', '5kW Rooftop'),
('138', '2025-03-26', 'Social Media', 'North', '10kW Rooftop'),
('139', '2025-05-06', 'Social Media', 'East', '3kW Rooftop'),
('140', '2025-02-01', 'Social Media', 'West', 'Hybrid System'),
('141', '2025-05-10', 'Referral', 'West', '3kW Rooftop'),
('142', '2025-04-15', 'Social Media', 'West', '3kW Rooftop'),
('143', '2025-02-16', 'Direct Walk-in', 'South', '3kW Rooftop'),
('144', '2025-01-02', 'Social Media', 'East', 'Hybrid System'),
('145', '2025-02-06', 'Social Media', 'East', '5kW Rooftop'),
('146', '2025-03-06', 'Social Media', 'West', '5kW Rooftop'),
('147', '2025-01-11', 'Direct Walk-in', 'East', '10kW Rooftop'),
('148', '2025-03-10', 'Direct Walk-in', 'South', '3kW Rooftop'),
('149', '2024-12-12', 'Social Media', 'Central', '5kW Rooftop'),
('150', '2025-05-01', 'Direct Walk-in', 'West', 'Hybrid System'),
('151', '2025-05-31', 'Social Media', 'South', '5kW Rooftop'),
('152', '2025-04-30', 'Direct Walk-in', 'East', '3kW Rooftop'),
('153', '2025-02-01', 'Referral', 'South', '10kW Rooftop'),
('154', '2025-03-19', 'Social Media', 'South', 'Hybrid System'),
('155', '2025-05-08', 'Social Media', 'West', '3kW Rooftop'),
('156', '2025-01-15', 'Social Media', 'South', '10kW Rooftop'),
('157', '2025-03-20', 'Social Media', 'West', 'Hybrid System'),
('158', '2025-06-07', 'Social Media', 'West', '10kW Rooftop'),
('159', '2025-01-01', 'Referral', 'Central', '10kW Rooftop'),
('160', '2025-05-30', 'Referral', 'West', '5kW Rooftop'),
('161', '2025-04-12', 'Social Media', 'Central', 'Hybrid System'),
('162', '2025-02-07', 'Direct Walk-in', 'West', '3kW Rooftop'),
('163', '2025-05-24', 'Direct Walk-in', 'Central', '5kW Rooftop'),
('164', '2025-04-15', 'Direct Walk-in', 'Central', 'Hybrid System'),
('165', '2025-03-20', 'Direct Walk-in', 'North', 'Hybrid System'),
('166', '2025-04-09', 'Direct Walk-in', 'Central', 'Hybrid System'),
('167', '2025-01-19', 'Social Media', 'East', 'Hybrid System'),
('168', '2025-01-10', 'Direct Walk-in', 'South', '5kW Rooftop'),
('169', '2025-02-22', 'Direct Walk-in', 'East', 'Hybrid System'),
('170', '2025-05-09', 'Social Media', 'West', '10kW Rooftop'),
('171', '2025-01-12', 'Social Media', 'North', '10kW Rooftop'),
('172', '2025-03-26', 'Direct Walk-in', 'East', '5kW Rooftop'),
('173', '2025-05-12', 'Referral', 'North', 'Hybrid System'),
('174', '2025-06-09', 'Referral', 'West', 'Hybrid System'),
('175', '2025-03-24', 'Direct Walk-in', 'North', '5kW Rooftop'),
('176', '2025-06-08', 'Referral', 'North', '10kW Rooftop'),
('177', '2024-12-12', 'Social Media', 'East', '5kW Rooftop'),
('178', '2025-04-07', 'Social Media', 'Central', '5kW Rooftop'),
('179', '2025-02-12', 'Referral', 'East', 'Hybrid System'),
('180', '2025-03-16', 'Direct Walk-in', 'South', '3kW Rooftop'),
('181', '2024-12-15', 'Direct Walk-in', 'East', '10kW Rooftop'),
('182', '2025-01-02', 'Social Media', 'Central', 'Hybrid System'),
('183', '2025-06-10', 'Direct Walk-in', 'East', '3kW Rooftop'),
('184', '2025-02-20', 'Direct Walk-in', 'South', '5kW Rooftop'),
('185', '2025-05-31', 'Direct Walk-in', 'West', '3kW Rooftop'),
('186', '2025-05-22', 'Direct Walk-in', 'South', '3kW Rooftop'),
('187', '2025-05-17', 'Social Media', 'West', '5kW Rooftop'),
('188', '2025-02-09', 'Referral', 'East', '3kW Rooftop'),
('189', '2025-01-27', 'Social Media', 'South', '5kW Rooftop'),
('190', '2024-12-23', 'Direct Walk-in', 'North', '5kW Rooftop'),
('191', '2025-01-27', 'Direct Walk-in', 'North', '5kW Rooftop'),
('192', '2025-05-31', 'Social Media', 'Central', '10kW Rooftop'),
('193', '2025-04-01', 'Direct Walk-in', 'Central', '5kW Rooftop'),
('194', '2024-12-27', 'Social Media', 'West', 'Hybrid System'),
('195', '2024-12-28', 'Referral', 'Central', 'Hybrid System'),
('196', '2025-05-03', 'Direct Walk-in', 'South', '3kW Rooftop'),
('197', '2025-03-16', 'Social Media', 'North', '5kW Rooftop'),
('198', '2025-05-19', 'Social Media', 'West', 'Hybrid System'),
('199', '2024-12-25', 'Social Media', 'South', '10kW Rooftop'),
('200', '2025-05-08', 'Direct Walk-in', 'Central', 'Hybrid System'),
('201', '2025-03-25', 'Direct Walk-in', 'East', '10kW Rooftop'),
('202', '2025-05-09', 'Direct Walk-in', 'North', '3kW Rooftop'),
('203', '2025-01-05', 'Direct Walk-in', 'South', '3kW Rooftop'),
('204', '2025-01-05', 'Referral', 'North', 'Hybrid System'),
('205', '2025-04-19', 'Referral', 'Central', '5kW Rooftop'),
('206', '2025-03-14', 'Referral', 'East', '3kW Rooftop'),
('207', '2025-03-28', 'Social Media', 'East', '3kW Rooftop'),
('208', '2025-01-13', 'Referral', 'East', '3kW Rooftop'),
('209', '2025-02-01', 'Social Media', 'North', '10kW Rooftop'),
('210', '2025-03-24', 'Referral', 'North', 'Hybrid System'),
('211', '2025-05-30', 'Social Media', 'West', '5kW Rooftop'),
('212', '2025-04-08', 'Direct Walk-in', 'North', '3kW Rooftop'),
('213', '2025-03-04', 'Social Media', 'East', '10kW Rooftop'),
('214', '2025-01-22', 'Direct Walk-in', 'West', '3kW Rooftop'),
('215', '2025-06-10', 'Social Media', 'West', '3kW Rooftop'),
('216', '2025-03-26', 'Social Media', 'East', 'Hybrid System'),
('217', '2025-05-07', 'Direct Walk-in', 'Central', '5kW Rooftop'),
('218', '2025-05-02', 'Social Media', 'East', 'Hybrid System'),
('219', '2025-04-24', 'Social Media', 'East', 'Hybrid System'),
('220', '2025-01-20', 'Direct Walk-in', 'South', '3kW Rooftop'),
('221', '2025-04-29', 'Referral', 'East', '5kW Rooftop'),
('222', '2025-02-10', 'Direct Walk-in', 'Central', 'Hybrid System'),
('223', '2025-02-27', 'Direct Walk-in', 'East', '5kW Rooftop'),
('224', '2025-04-21', 'Direct Walk-in', 'Central', '5kW Rooftop'),
('225', '2025-04-17', 'Social Media', 'North', '3kW Rooftop'),
('226', '2025-02-22', 'Social Media', 'West', '10kW Rooftop'),
('227', '2025-03-07', 'Direct Walk-in', 'North', '5kW Rooftop'),
('228', '2025-06-04', 'Social Media', 'West', '3kW Rooftop'),
('229', '2025-03-22', 'Direct Walk-in', 'North', '5kW Rooftop'),
('230', '2025-03-09', 'Direct Walk-in', 'West', 'Hybrid System'),
('231', '2025-01-04', 'Direct Walk-in', 'North', '5kW Rooftop'),
('232', '2025-01-29', 'Social Media', 'Central', '5kW Rooftop'),
('233', '2025-01-24', 'Social Media', 'South', '5kW Rooftop'),
('234', '2024-12-24', 'Social Media', 'West', 'Hybrid System'),
('235', '2025-02-15', 'Social Media', 'Central', '3kW Rooftop'),
('236', '2024-12-16', 'Referral', 'West', '3kW Rooftop'),
('237', '2025-04-05', 'Social Media', 'North', '5kW Rooftop'),
('238', '2025-03-29', 'Social Media', 'Central', '5kW Rooftop'),
('239', '2025-01-25', 'Referral', 'East', '5kW Rooftop'),
('240', '2025-04-05', 'Social Media', 'South', '10kW Rooftop'),
('241', '2025-01-23', 'Social Media', 'East', '3kW Rooftop'),
('242', '2024-12-13', 'Social Media', 'East', '10kW Rooftop'),
('243', '2024-12-25', 'Referral', 'South', 'Hybrid System'),
('244', '2025-04-28', 'Direct Walk-in', 'East', '10kW Rooftop'),
('245', '2025-04-13', 'Social Media', 'North', '3kW Rooftop'),
('246', '2024-12-23', 'Referral', 'West', '5kW Rooftop'),
('247', '2025-01-25', 'Social Media', 'South', 'Hybrid System'),
('248', '2024-12-25', 'Referral', 'West', '10kW Rooftop'),
('249', '2025-06-05', 'Social Media', 'West', '10kW Rooftop'),
('250', '2024-12-18', 'Direct Walk-in', 'East', '5kW Rooftop'),
('251', '2025-05-27', 'Referral', 'Central', '3kW Rooftop'),
('252', '2025-02-14', 'Social Media', 'North', '3kW Rooftop'),
('253', '2024-12-25', 'Social Media', 'Central', '10kW Rooftop'),
('254', '2025-03-21', 'Referral', 'Central', '5kW Rooftop'),
('255', '2025-01-27', 'Referral', 'South', '3kW Rooftop'),
('256', '2025-02-04', 'Direct Walk-in', 'South', '3kW Rooftop'),
('257', '2025-04-20', 'Social Media', 'North', '3kW Rooftop'),
('258', '2025-03-16', 'Direct Walk-in', 'East', '3kW Rooftop'),
('259', '2025-01-22', 'Direct Walk-in', 'Central', '3kW Rooftop'),
('260', '2025-03-26', 'Direct Walk-in', 'West', '5kW Rooftop'),
('261', '2025-01-06', 'Referral', 'South', '5kW Rooftop'),
('262', '2025-05-01', 'Social Media', 'South', '10kW Rooftop'),
('263', '2025-06-11', 'Referral', 'South', '10kW Rooftop'),
('264', '2025-06-01', 'Direct Walk-in', 'East', '3kW Rooftop'),
('265', '2025-04-01', 'Direct Walk-in', 'East', 'Hybrid System'),
('266', '2025-04-02', 'Social Media', 'East', 'Hybrid System'),
('267', '2025-03-13', 'Social Media', 'East', 'Hybrid System'),
('268', '2025-01-28', 'Direct Walk-in', 'East', '3kW Rooftop'),
('269', '2025-05-13', 'Direct Walk-in', 'East', '10kW Rooftop'),
('270', '2025-03-13', 'Referral', 'North', '3kW Rooftop'),
('271', '2025-05-17', 'Direct Walk-in', 'Central', '10kW Rooftop'),
('272', '2025-03-01', 'Referral', 'East', '3kW Rooftop'),
('273', '2025-01-17', 'Social Media', 'West', '3kW Rooftop'),
('274', '2024-12-30', 'Referral', 'North', '5kW Rooftop'),
('275', '2024-12-30', 'Direct Walk-in', 'South', '3kW Rooftop'),
('276', '2025-04-18', 'Direct Walk-in', 'South', '3kW Rooftop'),
('277', '2025-03-05', 'Direct Walk-in', 'North', '5kW Rooftop'),
('278', '2025-02-18', 'Direct Walk-in', 'North', '10kW Rooftop'),
('279', '2025-03-04', 'Social Media', 'North', '10kW Rooftop'),
('280', '2025-03-01', 'Direct Walk-in', 'South', '3kW Rooftop'),
('281', '2025-03-12', 'Referral', 'East', '10kW Rooftop'),
('282', '2025-05-28', 'Referral', 'Central', '10kW Rooftop'),
('283', '2025-05-02', 'Direct Walk-in', 'North', '5kW Rooftop'),
('284', '2024-12-22', 'Referral', 'North', '10kW Rooftop'),
('285', '2025-04-21', 'Referral', 'West', 'Hybrid System'),
('286', '2025-04-17', 'Referral', 'West', '3kW Rooftop'),
('287', '2025-04-16', 'Referral', 'West', '5kW Rooftop'),
('288', '2024-12-31', 'Referral', 'Central', 'Hybrid System'),
('289', '2024-12-23', 'Direct Walk-in', 'Central', '10kW Rooftop'),
('290', '2025-02-28', 'Referral', 'North', '10kW Rooftop'),
('291', '2025-05-02', 'Referral', 'North', '5kW Rooftop'),
('292', '2025-02-15', 'Social Media', 'West', '10kW Rooftop'),
('293', '2025-05-16', 'Social Media', 'West', '10kW Rooftop'),
('294', '2025-05-28', 'Direct Walk-in', 'South', '3kW Rooftop'),
('295', '2025-01-02', 'Direct Walk-in', 'Central', '5kW Rooftop'),
('296', '2025-01-29', 'Referral', 'West', '5kW Rooftop'),
('297', '2025-01-18', 'Social Media', 'East', 'Hybrid System'),
('298', '2025-01-17', 'Direct Walk-in', 'North', '3kW Rooftop'),
('299', '2025-03-26', 'Social Media', 'Central', 'Hybrid System'),
('300', '2025-03-09', 'Social Media', 'South', '3kW Rooftop'),
('301', '2025-01-08', 'Referral', 'South', '10kW Rooftop'),
('302', '2025-03-03', 'Direct Walk-in', 'West', '10kW Rooftop'),
('303', '2025-01-16', 'Direct Walk-in', 'Central', '3kW Rooftop'),
('304', '2025-02-04', 'Direct Walk-in', 'South', '10kW Rooftop'),
('305', '2025-03-11', 'Direct Walk-in', 'Central', '10kW Rooftop'),
('306', '2025-01-29', 'Referral', 'South', '5kW Rooftop'),
('307', '2025-05-30', 'Referral', 'East', '10kW Rooftop'),
('308', '2025-06-09', 'Social Media', 'Central', '3kW Rooftop'),
('309', '2024-12-26', 'Social Media', 'East', '10kW Rooftop'),
('310', '2025-03-08', 'Direct Walk-in', 'West', '10kW Rooftop'),
('311', '2025-05-17', 'Referral', 'Central', 'Hybrid System'),
('312', '2025-05-28', 'Social Media', 'South', '10kW Rooftop'),
('313', '2025-05-27', 'Social Media', 'East', '10kW Rooftop'),
('314', '2025-03-28', 'Social Media', 'Central', '10kW Rooftop'),
('315', '2024-12-31', 'Social Media', 'South', '3kW Rooftop'),
('316', '2024-12-21', 'Referral', 'Central', '5kW Rooftop'),
('317', '2025-04-17', 'Social Media', 'North', '3kW Rooftop'),
('318', '2025-03-26', 'Referral', 'East', '10kW Rooftop'),
('319', '2025-05-23', 'Direct Walk-in', 'Central', '10kW Rooftop'),
('320', '2024-12-14', 'Direct Walk-in', 'South', '5kW Rooftop'),
('321', '2024-12-30', 'Direct Walk-in', 'East', '3kW Rooftop'),
('322', '2025-06-09', 'Social Media', 'West', 'Hybrid System'),
('323', '2025-05-07', 'Direct Walk-in', 'Central', '10kW Rooftop'),
('324', '2025-05-25', 'Direct Walk-in', 'South', '10kW Rooftop'),
('325', '2025-01-26', 'Direct Walk-in', 'West', '10kW Rooftop'),
('326', '2025-01-13', 'Referral', 'North', '3kW Rooftop'),
('327', '2025-02-28', 'Referral', 'East', '10kW Rooftop'),
('328', '2025-03-16', 'Direct Walk-in', 'South', '10kW Rooftop'),
('329', '2025-03-15', 'Direct Walk-in', 'West', 'Hybrid System'),
('330', '2025-01-22', 'Social Media', 'Central', 'Hybrid System'),
('331', '2025-05-28', 'Social Media', 'North', 'Hybrid System'),
('332', '2025-02-27', 'Direct Walk-in', 'Central', '5kW Rooftop'),
('333', '2025-06-05', 'Direct Walk-in', 'North', '3kW Rooftop'),
('334', '2024-12-23', 'Direct Walk-in', 'West', 'Hybrid System'),
('335', '2025-01-12', 'Direct Walk-in', 'North', '3kW Rooftop'),
('336', '2025-02-23', 'Direct Walk-in', 'Central', '10kW Rooftop'),
('337', '2024-12-12', 'Direct Walk-in', 'Central', 'Hybrid System'),
('338', '2025-02-25', 'Social Media', 'East', '10kW Rooftop'),
('339', '2025-02-01', 'Social Media', 'Central', '5kW Rooftop'),
('340', '2025-06-09', 'Direct Walk-in', 'Central', '3kW Rooftop'),
('341', '2025-05-13', 'Referral', 'Central', '5kW Rooftop'),
('342', '2025-05-13', 'Social Media', 'West', '10kW Rooftop'),
('343', '2025-03-10', 'Direct Walk-in', 'Central', '10kW Rooftop'),
('344', '2025-02-05', 'Direct Walk-in', 'South', '10kW Rooftop'),
('345', '2025-03-04', 'Referral', 'Central', '3kW Rooftop'),
('346', '2025-04-26', 'Referral', 'East', '10kW Rooftop'),
('347', '2025-05-02', 'Direct Walk-in', 'Central', '5kW Rooftop'),
('348', '2025-05-13', 'Social Media', 'East', '3kW Rooftop'),
('349', '2025-03-29', 'Direct Walk-in', 'Central', '5kW Rooftop'),
('350', '2025-04-19', 'Social Media', 'Central', '10kW Rooftop'),
('351', '2025-04-30', 'Direct Walk-in', 'Central', '10kW Rooftop'),
('352', '2025-03-16', 'Referral', 'Central', '3kW Rooftop'),
('353', '2025-01-11', 'Social Media', 'South', 'Hybrid System'),
('354', '2025-01-17', 'Direct Walk-in', 'Central', '5kW Rooftop'),
('355', '2025-02-07', 'Direct Walk-in', 'Central', 'Hybrid System'),
('356', '2025-01-23', 'Direct Walk-in', 'North', '3kW Rooftop'),
('357', '2024-12-23', 'Direct Walk-in', 'South', '3kW Rooftop'),
('358', '2025-04-03', 'Social Media', 'Central', '3kW Rooftop'),
('359', '2025-05-03', 'Direct Walk-in', 'North', '3kW Rooftop'),
('360', '2025-03-27', 'Social Media', 'West', 'Hybrid System'),
('361', '2024-12-23', 'Referral', 'East', '10kW Rooftop'),
('362', '2025-05-06', 'Direct Walk-in', 'Central', '3kW Rooftop'),
('363', '2025-02-10', 'Referral', 'Central', '10kW Rooftop'),
('364', '2024-12-23', 'Direct Walk-in', 'Central', '3kW Rooftop'),
('365', '2024-12-21', 'Direct Walk-in', 'South', '3kW Rooftop'),
('366', '2025-04-04', 'Referral', 'Central', '10kW Rooftop'),
('367', '2025-03-14', 'Social Media', 'East', '5kW Rooftop'),
('368', '2025-03-19', 'Referral', 'Central', '5kW Rooftop'),
('369', '2025-06-08', 'Direct Walk-in', 'Central', 'Hybrid System'),
('370', '2025-05-26', 'Social Media', 'South', '10kW Rooftop'),
('371', '2025-03-25', 'Direct Walk-in', 'South', '5kW Rooftop'),
('372', '2025-01-11', 'Referral', 'South', 'Hybrid System'),
('373', '2024-12-23', 'Social Media', 'West', '3kW Rooftop'),
('374', '2025-03-20', 'Direct Walk-in', 'Central', '5kW Rooftop'),
('375', '2024-12-27', 'Direct Walk-in', 'West', '10kW Rooftop'),
('376', '2025-05-26', 'Direct Walk-in', 'East', '5kW Rooftop'),
('377', '2025-01-17', 'Direct Walk-in', 'North', 'Hybrid System'),
('378', '2024-12-25', 'Referral', 'Central', '5kW Rooftop'),
('379', '2025-04-06', 'Referral', 'South', 'Hybrid System'),
('380', '2024-12-25', 'Direct Walk-in', 'Central', '10kW Rooftop'),
('381', '2025-04-22', 'Direct Walk-in', 'West', '5kW Rooftop'),
('382', '2025-05-28', 'Referral', 'North', 'Hybrid System'),
('383', '2025-01-26', 'Social Media', 'Central', '3kW Rooftop'),
('384', '2025-02-28', 'Referral', 'North', '3kW Rooftop'),
('385', '2025-01-04', 'Social Media', 'East', 'Hybrid System'),
('386', '2025-06-12', 'Social Media', 'East', '10kW Rooftop'),
('387', '2025-06-02', 'Referral', 'Central', 'Hybrid System'),
('388', '2025-04-01', 'Social Media', 'North', '3kW Rooftop'),
('389', '2025-01-28', 'Direct Walk-in', 'Central', '3kW Rooftop'),
('390', '2025-04-03', 'Direct Walk-in', 'Central', '5kW Rooftop'),
('391', '2025-04-06', 'Social Media', 'West', '10kW Rooftop'),
('392', '2024-12-19', 'Social Media', 'East', '10kW Rooftop'),
('393', '2025-04-11', 'Direct Walk-in', 'East', '10kW Rooftop'),
('394', '2024-12-27', 'Direct Walk-in', 'West', '3kW Rooftop'),
('395', '2025-03-03', 'Social Media', 'East', '3kW Rooftop'),
('396', '2025-04-18', 'Social Media', 'East', '10kW Rooftop'),
('397', '2025-04-04', 'Referral', 'South', '10kW Rooftop'),
('398', '2025-03-31', 'Referral', 'North', '3kW Rooftop'),
('399', '2025-03-23', 'Direct Walk-in', 'East', 'Hybrid System'),
('400', '2025-02-11', 'Referral', 'Central', '10kW Rooftop'),
('401', '2025-06-11', 'Referral', 'East', '10kW Rooftop'),
('402', '2025-01-31', 'Social Media', 'East', '5kW Rooftop'),
('403', '2025-01-20', 'Social Media', 'West', '5kW Rooftop'),
('404', '2025-04-21', 'Direct Walk-in', 'South', 'Hybrid System'),
('405', '2025-04-30', 'Direct Walk-in', 'Central', '3kW Rooftop'),
('406', '2025-02-11', 'Referral', 'West', '10kW Rooftop'),
('407', '2025-01-27', 'Direct Walk-in', 'Central', '5kW Rooftop'),
('408', '2025-02-01', 'Social Media', 'Central', '10kW Rooftop'),
('409', '2025-02-26', 'Referral', 'South', '10kW Rooftop'),
('410', '2025-01-06', 'Social Media', 'Central', 'Hybrid System'),
('411', '2025-04-21', 'Direct Walk-in', 'North', '5kW Rooftop'),
('412', '2025-04-16', 'Referral', 'North', 'Hybrid System'),
('413', '2025-02-08', 'Social Media', 'East', '5kW Rooftop'),
('414', '2025-03-10', 'Social Media', 'Central', '10kW Rooftop'),
('415', '2025-02-11', 'Direct Walk-in', 'Central', 'Hybrid System'),
('416', '2025-06-10', 'Referral', 'East', '3kW Rooftop'),
('417', '2025-05-06', 'Referral', 'West', '10kW Rooftop'),
('418', '2025-06-11', 'Social Media', 'West', '5kW Rooftop'),
('419', '2024-12-26', 'Social Media', 'Central', '10kW Rooftop'),
('420', '2024-12-13', 'Social Media', 'Central', 'Hybrid System'),
('421', '2025-03-10', 'Referral', 'East', '10kW Rooftop'),
('422', '2025-04-11', 'Referral', 'East', 'Hybrid System'),
('423', '2025-03-31', 'Social Media', 'West', '3kW Rooftop'),
('424', '2024-12-31', 'Social Media', 'West', '5kW Rooftop'),
('425', '2024-12-26', 'Direct Walk-in', 'North', '3kW Rooftop'),
('426', '2025-03-26', 'Referral', 'West', '10kW Rooftop'),
('427', '2025-01-22', 'Social Media', 'Central', '5kW Rooftop'),
('428', '2025-03-20', 'Referral', 'East', '5kW Rooftop'),
('429', '2025-02-01', 'Social Media', 'South', '3kW Rooftop'),
('430', '2025-01-06', 'Direct Walk-in', 'West', '5kW Rooftop'),
('431', '2025-06-11', 'Social Media', 'East', '10kW Rooftop'),
('432', '2025-02-17', 'Social Media', 'South', 'Hybrid System'),
('433', '2025-06-01', 'Referral', 'North', '5kW Rooftop'),
('434', '2024-12-25', 'Direct Walk-in', 'Central', '10kW Rooftop'),
('435', '2025-05-31', 'Referral', 'West', '3kW Rooftop'),
('436', '2025-01-28', 'Social Media', 'North', '5kW Rooftop'),
('437', '2025-02-21', 'Referral', 'Central', '5kW Rooftop'),
('438', '2025-02-05', 'Referral', 'South', 'Hybrid System'),
('439', '2025-01-11', 'Social Media', 'West', 'Hybrid System'),
('440', '2025-03-07', 'Social Media', 'Central', '3kW Rooftop'),
('441', '2025-05-22', 'Social Media', 'Central', '5kW Rooftop'),
('442', '2025-03-27', 'Referral', 'Central', 'Hybrid System'),
('443', '2025-04-27', 'Direct Walk-in', 'Central', '3kW Rooftop'),
('444', '2025-02-08', 'Referral', 'East', '10kW Rooftop'),
('445', '2025-04-09', 'Direct Walk-in', 'West', '3kW Rooftop'),
('446', '2025-05-17', 'Direct Walk-in', 'West', 'Hybrid System'),
('447', '2025-04-17', 'Referral', 'West', '3kW Rooftop'),
('448', '2025-03-24', 'Social Media', 'Central', '5kW Rooftop'),
('449', '2024-12-13', 'Referral', 'North', 'Hybrid System'),
('450', '2025-04-20', 'Direct Walk-in', 'West', '5kW Rooftop'),
('451', '2025-05-19', 'Direct Walk-in', 'North', '5kW Rooftop'),
('452', '2025-03-29', 'Referral', 'Central', '5kW Rooftop'),
('453', '2025-02-08', 'Social Media', 'South', '3kW Rooftop'),
('454', '2025-06-10', 'Referral', 'North', '10kW Rooftop'),
('455', '2025-04-19', 'Social Media', 'Central', '3kW Rooftop'),
('456', '2025-01-01', 'Referral', 'Central', '10kW Rooftop'),
('457', '2025-06-12', 'Direct Walk-in', 'Central', '5kW Rooftop'),
('458', '2025-05-31', 'Direct Walk-in', 'South', '5kW Rooftop'),
('459', '2025-01-07', 'Referral', 'South', '10kW Rooftop'),
('460', '2025-02-01', 'Referral', 'South', '3kW Rooftop'),
('461', '2025-01-03', 'Direct Walk-in', 'South', '5kW Rooftop'),
('462', '2025-06-02', 'Referral', 'West', 'Hybrid System'),
('463', '2025-01-01', 'Social Media', 'South', '5kW Rooftop'),
('464', '2025-05-05', 'Social Media', 'South', 'Hybrid System'),
('465', '2025-03-29', 'Referral', 'Central', '3kW Rooftop'),
('466', '2025-01-11', 'Direct Walk-in', 'North', 'Hybrid System'),
('467', '2025-02-02', 'Referral', 'West', '10kW Rooftop'),
('468', '2025-02-04', 'Referral', 'West', 'Hybrid System'),
('469', '2025-04-08', 'Referral', 'West', '3kW Rooftop'),
('470', '2025-01-21', 'Direct Walk-in', 'East', '3kW Rooftop'),
('471', '2025-04-30', 'Referral', 'South', '5kW Rooftop'),
('472', '2025-02-16', 'Direct Walk-in', 'East', '3kW Rooftop'),
('473', '2025-01-20', 'Social Media', 'North', '3kW Rooftop'),
('474', '2025-04-24', 'Direct Walk-in', 'Central', '10kW Rooftop'),
('475', '2025-04-14', 'Direct Walk-in', 'Central', '5kW Rooftop'),
('476', '2025-05-26', 'Referral', 'West', '3kW Rooftop'),
('477', '2025-02-01', 'Direct Walk-in', 'South', '5kW Rooftop'),
('478', '2025-03-20', 'Social Media', 'Central', '10kW Rooftop'),
('479', '2025-03-16', 'Direct Walk-in', 'West', 'Hybrid System'),
('480', '2025-01-29', 'Direct Walk-in', 'West', 'Hybrid System'),
('481', '2025-06-05', 'Social Media', 'East', '10kW Rooftop'),
('482', '2025-06-06', 'Social Media', 'West', 'Hybrid System'),
('483', '2025-05-25', 'Social Media', 'Central', '10kW Rooftop'),
('484', '2024-12-21', 'Social Media', 'North', '10kW Rooftop'),
('485', '2024-12-29', 'Social Media', 'South', '10kW Rooftop'),
('486', '2025-04-14', 'Referral', 'North', 'Hybrid System'),
('487', '2025-03-04', 'Referral', 'North', '5kW Rooftop'),
('488', '2025-05-22', 'Social Media', 'West', '3kW Rooftop'),
('489', '2025-02-03', 'Referral', 'South', '10kW Rooftop'),
('490', '2024-12-20', 'Referral', 'South', '10kW Rooftop'),
('491', '2024-12-12', 'Direct Walk-in', 'East', 'Hybrid System'),
('492', '2025-02-14', 'Referral', 'North', 'Hybrid System'),
('493', '2025-05-10', 'Referral', 'West', '5kW Rooftop'),
('494', '2025-01-06', 'Social Media', 'South', '5kW Rooftop'),
('495', '2025-04-14', 'Referral', 'West', '3kW Rooftop'),
('496', '2025-01-31', 'Referral', 'East', '3kW Rooftop'),
('497', '2025-01-12', 'Referral', 'Central', 'Hybrid System'),
('498', '2025-05-04', 'Social Media', 'East', '3kW Rooftop'),
('499', '2025-03-07', 'Social Media', 'North', '3kW Rooftop'),
('500', '2025-03-29', 'Direct Walk-in', 'West', '5kW Rooftop');

CREATE TABLE Lead_Assignments (
    lead_id INT PRIMARY KEY,
    consultant_id INT NOT NULL,
    assigned_date DATE NOT NULL,
    FOREIGN KEY (lead_id) REFERENCES Leads(lead_id),
    FOREIGN KEY (consultant_id) REFERENCES Solar_Consultants(consultant_id)
);
INSERT INTO Lead_Assignments (lead_id, consultant_id, assigned_date) VALUES
('1', '2', '2025-05-18'),
('2', '4', '2024-12-23'),
('3', '6', '2025-05-04'),
('4', '2', '2025-03-11'),
('5', '6', '2025-03-28'),
('6', '8', '2025-01-08'),
('7', '6', '2025-06-12'),
('8', '3', '2025-02-25'),
('9', '6', '2024-12-28'),
('10', '7', '2025-04-01'),
('11', '5', '2025-02-09'),
('12', '5', '2025-05-23'),
('13', '6', '2025-04-15'),
('14', '3', '2025-04-14'),
('15', '9', '2025-06-04'),
('16', '10', '2025-05-29'),
('17', '9', '2025-02-21'),
('18', '7', '2025-04-04'),
('19', '2', '2025-01-18'),
('20', '4', '2025-04-27'),
('21', '8', '2024-12-26'),
('22', '3', '2024-12-21'),
('23', '1', '2025-04-19'),
('24', '10', '2025-01-25'),
('25', '8', '2025-05-13'),
('26', '9', '2025-02-08'),
('27', '10', '2024-12-27'),
('28', '4', '2025-05-29'),
('29', '8', '2025-01-29'),
('30', '5', '2025-05-31'),
('31', '9', '2025-01-03'),
('32', '5', '2025-02-24'),
('33', '4', '2025-02-04'),
('34', '9', '2025-03-13'),
('35', '7', '2025-04-15'),
('36', '6', '2025-05-24'),
('37', '5', '2025-02-21'),
('38', '9', '2025-01-12'),
('39', '3', '2025-02-21'),
('40', '4', '2025-02-19'),
('41', '7', '2025-01-24'),
('42', '1', '2025-04-22'),
('43', '8', '2025-02-04'),
('44', '5', '2025-04-30'),
('45', '3', '2025-06-12'),
('46', '7', '2025-04-23'),
('47', '6', '2025-04-18'),
('48', '1', '2024-12-28'),
('49', '10', '2025-04-09'),
('50', '7', '2025-04-16'),
('51', '1', '2025-01-14'),
('52', '3', '2025-03-28'),
('53', '3', '2025-05-04'),
('54', '10', '2025-01-29'),
('55', '9', '2025-01-15'),
('56', '7', '2025-03-12'),
('57', '8', '2025-02-24'),
('58', '5', '2025-02-04'),
('59', '5', '2025-06-10'),
('60', '6', '2025-04-18'),
('61', '4', '2025-04-27'),
('62', '5', '2025-03-30'),
('63', '8', '2025-01-26'),
('64', '3', '2025-04-25'),
('65', '9', '2025-02-15'),
('66', '5', '2025-05-24'),
('67', '5', '2025-05-10'),
('68', '7', '2025-05-11'),
('69', '8', '2024-12-24'),
('70', '2', '2025-01-26'),
('71', '10', '2025-05-23'),
('72', '7', '2024-12-18'),
('73', '4', '2025-05-19'),
('74', '3', '2025-02-13'),
('75', '7', '2025-03-02'),
('76', '6', '2025-02-03'),
('77', '8', '2024-12-27'),
('78', '7', '2025-01-21'),
('79', '9', '2025-06-09'),
('80', '3', '2025-04-01'),
('81', '9', '2025-05-31'),
('82', '1', '2025-04-30'),
('83', '3', '2025-02-12'),
('84', '8', '2025-01-24'),
('85', '7', '2025-04-20'),
('86', '1', '2025-03-21'),
('87', '4', '2025-02-27'),
('88', '10', '2025-06-03'),
('89', '9', '2025-06-09'),
('90', '4', '2025-04-18'),
('91', '2', '2025-03-12'),
('92', '2', '2025-01-09'),
('93', '7', '2025-02-04'),
('94', '10', '2025-01-11'),
('95', '1', '2025-01-31'),
('96', '6', '2025-05-06'),
('97', '6', '2025-04-01'),
('98', '1', '2025-03-27'),
('99', '8', '2025-02-02'),
('100', '8', '2025-05-06'),
('101', '7', '2025-04-06'),
('102', '8', '2025-03-06'),
('103', '2', '2025-06-04'),
('104', '10', '2025-04-06'),
('105', '10', '2025-03-01'),
('106', '2', '2025-02-22'),
('107', '3', '2025-01-25'),
('108', '2', '2025-01-08'),
('109', '3', '2025-03-20'),
('110', '4', '2025-03-17'),
('111', '7', '2024-12-29'),
('112', '2', '2025-05-07'),
('113', '1', '2024-12-24'),
('114', '5', '2025-05-28'),
('115', '9', '2025-01-02'),
('116', '6', '2025-01-12'),
('117', '8', '2025-04-15'),
('118', '8', '2025-01-15'),
('119', '6', '2025-05-16'),
('120', '8', '2025-04-24'),
('121', '1', '2025-03-04'),
('122', '6', '2025-04-06'),
('123', '10', '2024-12-25'),
('124', '6', '2025-02-25'),
('125', '3', '2025-02-24'),
('126', '3', '2025-04-07'),
('127', '4', '2025-03-15'),
('128', '8', '2025-03-26'),
('129', '9', '2025-01-29'),
('130', '6', '2025-03-29'),
('131', '3', '2025-05-28'),
('132', '5', '2024-12-15'),
('133', '2', '2025-04-23'),
('134', '9', '2025-05-01'),
('135', '9', '2025-01-05'),
('136', '8', '2025-04-23'),
('137', '1', '2025-06-03'),
('138', '4', '2025-03-26'),
('139', '4', '2025-05-08'),
('140', '7', '2025-02-03'),
('141', '7', '2025-05-11'),
('142', '6', '2025-04-18'),
('143', '3', '2025-02-19'),
('144', '10', '2025-01-02'),
('145', '2', '2025-02-06'),
('146', '10', '2025-03-08'),
('147', '2', '2025-01-13'),
('148', '4', '2025-03-11'),
('149', '10', '2024-12-12'),
('150', '10', '2025-05-01'),
('151', '3', '2025-06-03'),
('152', '5', '2025-05-01'),
('153', '10', '2025-02-01'),
('154', '10', '2025-03-19'),
('155', '1', '2025-05-09'),
('156', '9', '2025-01-15'),
('157', '4', '2025-03-21'),
('158', '8', '2025-06-07'),
('159', '1', '2025-01-01'),
('160', '5', '2025-06-01'),
('161', '9', '2025-04-14'),
('162', '1', '2025-02-07'),
('163', '6', '2025-05-26'),
('164', '10', '2025-04-17'),
('165', '5', '2025-03-21'),
('166', '3', '2025-04-10'),
('167', '3', '2025-01-22'),
('168', '9', '2025-01-12'),
('169', '4', '2025-02-23'),
('170', '9', '2025-05-11'),
('171', '2', '2025-01-14'),
('172', '2', '2025-03-27'),
('173', '6', '2025-05-15'),
('174', '8', '2025-06-10'),
('175', '7', '2025-03-25'),
('176', '10', '2025-06-08'),
('177', '2', '2024-12-14'),
('178', '3', '2025-04-10'),
('179', '4', '2025-02-15'),
('180', '2', '2025-03-19'),
('181', '10', '2024-12-16'),
('182', '9', '2025-01-03'),
('183', '10', '2025-06-10'),
('184', '6', '2025-02-23'),
('185', '8', '2025-06-01'),
('186', '1', '2025-05-25'),
('187', '3', '2025-05-20'),
('188', '3', '2025-02-12'),
('189', '8', '2025-01-29'),
('190', '4', '2024-12-23'),
('191', '1', '2025-01-30'),
('192', '4', '2025-06-02'),
('193', '7', '2025-04-04'),
('194', '3', '2024-12-29'),
('195', '7', '2024-12-29'),
('196', '5', '2025-05-06'),
('197', '4', '2025-03-16'),
('198', '9', '2025-05-21'),
('199', '6', '2024-12-28'),
('200', '5', '2025-05-09'),
('201', '8', '2025-03-28'),
('202', '2', '2025-05-09'),
('203', '4', '2025-01-08'),
('204', '1', '2025-01-05'),
('205', '4', '2025-04-20'),
('206', '1', '2025-03-14'),
('207', '9', '2025-03-28'),
('208', '3', '2025-01-15'),
('209', '3', '2025-02-02'),
('210', '4', '2025-03-24'),
('211', '6', '2025-06-02'),
('212', '5', '2025-04-09'),
('213', '2', '2025-03-05'),
('214', '1', '2025-01-22'),
('215', '9', '2025-06-11'),
('216', '5', '2025-03-29'),
('217', '8', '2025-05-07'),
('218', '10', '2025-05-03'),
('219', '10', '2025-04-25'),
('220', '8', '2025-01-21'),
('221', '7', '2025-05-02'),
('222', '9', '2025-02-10'),
('223', '10', '2025-02-27'),
('224', '8', '2025-04-23'),
('225', '3', '2025-04-19'),
('226', '2', '2025-02-24'),
('227', '4', '2025-03-08'),
('228', '10', '2025-06-05'),
('229', '6', '2025-03-24'),
('230', '10', '2025-03-09'),
('231', '6', '2025-01-04'),
('232', '10', '2025-02-01'),
('233', '6', '2025-01-27'),
('234', '3', '2024-12-24'),
('235', '10', '2025-02-15'),
('236', '4', '2024-12-18'),
('237', '4', '2025-04-07'),
('238', '6', '2025-03-31'),
('239', '3', '2025-01-26'),
('240', '7', '2025-04-08'),
('241', '2', '2025-01-26'),
('242', '6', '2024-12-14'),
('243', '8', '2024-12-25'),
('244', '2', '2025-04-30'),
('245', '1', '2025-04-14'),
('246', '8', '2024-12-23'),
('247', '3', '2025-01-26'),
('248', '4', '2024-12-26'),
('249', '3', '2025-06-06'),
('250', '9', '2024-12-19'),
('251', '6', '2025-05-29'),
('252', '10', '2025-02-14'),
('253', '9', '2024-12-28'),
('254', '3', '2025-03-23'),
('255', '7', '2025-01-27'),
('256', '3', '2025-02-07'),
('257', '6', '2025-04-23'),
('258', '8', '2025-03-17'),
('259', '1', '2025-01-22'),
('260', '6', '2025-03-27'),
('261', '9', '2025-01-06'),
('262', '10', '2025-05-03'),
('263', '1', '2025-06-13'),
('264', '4', '2025-06-02'),
('265', '2', '2025-04-01'),
('266', '6', '2025-04-04'),
('267', '2', '2025-03-15'),
('268', '4', '2025-01-30'),
('269', '3', '2025-05-13'),
('270', '1', '2025-03-14'),
('271', '2', '2025-05-17'),
('272', '1', '2025-03-04'),
('273', '7', '2025-01-20'),
('274', '5', '2025-01-02'),
('275', '7', '2025-01-01'),
('276', '5', '2025-04-18'),
('277', '10', '2025-03-08'),
('278', '10', '2025-02-19'),
('279', '10', '2025-03-05'),
('280', '9', '2025-03-03'),
('281', '6', '2025-03-13'),
('282', '4', '2025-05-29'),
('283', '10', '2025-05-04'),
('284', '8', '2024-12-22'),
('285', '7', '2025-04-22'),
('286', '1', '2025-04-19'),
('287', '2', '2025-04-16'),
('288', '3', '2024-12-31'),
('289', '5', '2024-12-25'),
('290', '1', '2025-03-03'),
('291', '3', '2025-05-04'),
('292', '2', '2025-02-18'),
('293', '4', '2025-05-18'),
('294', '7', '2025-05-31'),
('295', '2', '2025-01-05'),
('296', '3', '2025-01-31'),
('297', '1', '2025-01-21'),
('298', '10', '2025-01-17'),
('299', '1', '2025-03-27'),
('300', '8', '2025-03-11'),
('301', '8', '2025-01-10'),
('302', '1', '2025-03-04'),
('303', '3', '2025-01-17'),
('304', '6', '2025-02-07'),
('305', '6', '2025-03-12'),
('306', '4', '2025-01-31'),
('307', '5', '2025-06-02'),
('308', '1', '2025-06-11'),
('309', '4', '2024-12-27'),
('310', '5', '2025-03-11'),
('311', '6', '2025-05-19'),
('312', '9', '2025-05-29'),
('313', '8', '2025-05-27'),
('314', '7', '2025-03-28'),
('315', '8', '2025-01-02'),
('316', '8', '2024-12-21'),
('317', '9', '2025-04-18'),
('318', '3', '2025-03-26'),
('319', '7', '2025-05-24'),
('320', '1', '2024-12-15'),
('321', '10', '2024-12-30'),
('322', '2', '2025-06-11'),
('323', '10', '2025-05-08'),
('324', '9', '2025-05-26'),
('325', '4', '2025-01-26'),
('326', '2', '2025-01-15'),
('327', '6', '2025-03-03'),
('328', '6', '2025-03-19'),
('329', '3', '2025-03-15'),
('330', '3', '2025-01-25'),
('331', '8', '2025-05-28'),
('332', '6', '2025-02-27'),
('333', '3', '2025-06-08'),
('334', '4', '2024-12-23'),
('335', '7', '2025-01-15'),
('336', '9', '2025-02-24'),
('337', '6', '2024-12-15'),
('338', '2', '2025-02-25'),
('339', '4', '2025-02-01'),
('340', '8', '2025-06-12'),
('341', '3', '2025-05-13'),
('342', '5', '2025-05-16'),
('343', '9', '2025-03-11'),
('344', '2', '2025-02-07'),
('345', '1', '2025-03-07'),
('346', '3', '2025-04-26'),
('347', '9', '2025-05-05'),
('348', '1', '2025-05-15'),
('349', '4', '2025-03-31'),
('350', '3', '2025-04-20'),
('351', '8', '2025-05-02'),
('352', '9', '2025-03-17'),
('353', '9', '2025-01-11'),
('354', '1', '2025-01-19'),
('355', '8', '2025-02-07'),
('356', '4', '2025-01-24'),
('357', '8', '2024-12-25'),
('358', '10', '2025-04-04'),
('359', '10', '2025-05-03'),
('360', '7', '2025-03-27'),
('361', '1', '2024-12-24'),
('362', '5', '2025-05-07'),
('363', '4', '2025-02-10'),
('364', '5', '2024-12-23'),
('365', '5', '2024-12-21'),
('366', '6', '2025-04-07'),
('367', '6', '2025-03-17'),
('368', '5', '2025-03-19'),
('369', '10', '2025-06-09'),
('370', '7', '2025-05-27'),
('371', '8', '2025-03-26'),
('372', '4', '2025-01-11'),
('373', '1', '2024-12-25'),
('374', '7', '2025-03-23'),
('375', '6', '2024-12-30'),
('376', '3', '2025-05-27'),
('377', '8', '2025-01-20'),
('378', '3', '2024-12-25'),
('379', '10', '2025-04-09'),
('380', '3', '2024-12-27'),
('381', '10', '2025-04-22'),
('382', '3', '2025-05-28'),
('383', '7', '2025-01-27'),
('384', '10', '2025-02-28'),
('385', '10', '2025-01-06'),
('386', '10', '2025-06-14'),
('387', '6', '2025-06-02'),
('388', '5', '2025-04-02'),
('389', '3', '2025-01-31'),
('390', '10', '2025-04-04'),
('391', '7', '2025-04-09'),
('392', '4', '2024-12-20'),
('393', '2', '2025-04-13'),
('394', '8', '2024-12-27'),
('395', '5', '2025-03-04'),
('396', '4', '2025-04-20'),
('397', '4', '2025-04-05'),
('398', '8', '2025-03-31'),
('399', '4', '2025-03-24'),
('400', '7', '2025-02-12'),
('401', '10', '2025-06-13'),
('402', '8', '2025-02-03'),
('403', '10', '2025-01-21'),
('404', '1', '2025-04-22'),
('405', '7', '2025-04-30'),
('406', '5', '2025-02-13'),
('407', '10', '2025-01-28'),
('408', '8', '2025-02-02'),
('409', '4', '2025-02-28'),
('410', '7', '2025-01-07'),
('411', '3', '2025-04-24'),
('412', '9', '2025-04-16'),
('413', '4', '2025-02-10'),
('414', '9', '2025-03-13'),
('415', '9', '2025-02-13'),
('416', '1', '2025-06-11'),
('417', '10', '2025-05-07'),
('418', '3', '2025-06-14'),
('419', '7', '2024-12-27'),
('420', '5', '2024-12-16'),
('421', '3', '2025-03-13'),
('422', '5', '2025-04-14'),
('423', '9', '2025-04-03'),
('424', '1', '2025-01-01'),
('425', '5', '2024-12-29'),
('426', '1', '2025-03-27'),
('427', '6', '2025-01-22'),
('428', '9', '2025-03-20'),
('429', '7', '2025-02-03'),
('430', '10', '2025-01-07'),
('431', '8', '2025-06-11'),
('432', '9', '2025-02-18'),
('433', '2', '2025-06-04'),
('434', '1', '2024-12-27'),
('435', '6', '2025-06-03'),
('436', '9', '2025-01-28'),
('437', '10', '2025-02-22'),
('438', '9', '2025-02-07'),
('439', '6', '2025-01-12'),
('440', '9', '2025-03-08'),
('441', '2', '2025-05-22'),
('442', '10', '2025-03-28'),
('443', '10', '2025-04-29'),
('444', '7', '2025-02-11'),
('445', '5', '2025-04-09'),
('446', '10', '2025-05-17'),
('447', '9', '2025-04-20'),
('448', '8', '2025-03-27'),
('449', '7', '2024-12-15'),
('450', '8', '2025-04-20'),
('451', '10', '2025-05-20'),
('452', '4', '2025-03-31'),
('453', '5', '2025-02-09'),
('454', '7', '2025-06-11'),
('455', '1', '2025-04-20'),
('456', '1', '2025-01-03'),
('457', '7', '2025-06-13'),
('458', '5', '2025-06-01'),
('459', '3', '2025-01-07'),
('460', '3', '2025-02-02'),
('461', '4', '2025-01-03'),
('462', '8', '2025-06-03'),
('463', '4', '2025-01-01'),
('464', '7', '2025-05-05'),
('465', '8', '2025-04-01'),
('466', '9', '2025-01-11'),
('467', '10', '2025-02-02'),
('468', '6', '2025-02-07'),
('469', '5', '2025-04-10'),
('470', '9', '2025-01-24'),
('471', '3', '2025-04-30'),
('472', '8', '2025-02-19'),
('473', '4', '2025-01-22'),
('474', '6', '2025-04-24'),
('475', '8', '2025-04-16'),
('476', '5', '2025-05-29'),
('477', '10', '2025-02-01'),
('478', '7', '2025-03-22'),
('479', '3', '2025-03-17'),
('480', '1', '2025-01-31'),
('481', '1', '2025-06-05'),
('482', '1', '2025-06-07'),
('483', '9', '2025-05-25'),
('484', '7', '2024-12-22'),
('485', '8', '2024-12-31'),
('486', '9', '2025-04-14'),
('487', '4', '2025-03-04'),
('488', '2', '2025-05-24'),
('489', '5', '2025-02-05'),
('490', '9', '2024-12-22'),
('491', '1', '2024-12-13'),
('492', '7', '2025-02-15'),
('493', '2', '2025-05-13'),
('494', '3', '2025-01-08'),
('495', '6', '2025-04-17'),
('496', '5', '2025-02-03'),
('497', '7', '2025-01-14'),
('498', '8', '2025-05-05'),
('499', '4', '2025-03-08'),
('500', '4', '2025-03-31');

CREATE TABLE Follow_Ups (
    followup_id INT PRIMARY KEY,
    lead_id INT NOT NULL,
    followup_date DATE NOT NULL,
    method VARCHAR(20) NOT NULL,
    FOREIGN KEY (lead_id) REFERENCES Leads(lead_id)
);
INSERT INTO Follow_Ups (followup_id, lead_id, followup_date, method) VALUES
('1', '1', '2025-06-03', 'Visit'),
('2', '1', '2025-05-18', 'Visit'),
('3', '2', '2024-12-29', 'Call'),
('4', '2', '2025-01-14', 'Call'),
('5', '2', '2025-01-12', 'Email'),
('6', '2', '2024-12-31', 'Email'),
('7', '2', '2024-12-25', 'Call'),
('8', '3', '2025-05-11', 'Call'),
('9', '3', '2025-05-26', 'Email'),
('10', '3', '2025-05-20', 'Call'),
('11', '3', '2025-06-01', 'Email'),
('12', '3', '2025-05-05', 'Visit'),
('13', '4', '2025-04-05', 'Email'),
('14', '4', '2025-03-14', 'Call'),
('15', '5', '2025-04-17', 'Email'),
('16', '5', '2025-04-18', 'Visit'),
('17', '6', '2025-02-04', 'Visit'),
('18', '6', '2025-01-28', 'Visit'),
('19', '6', '2025-01-13', 'Visit'),
('20', '7', '2025-06-12', 'Call'),
('21', '7', '2025-07-09', 'Visit'),
('22', '7', '2025-07-08', 'Visit'),
('23', '8', '2025-03-03', 'Visit'),
('24', '8', '2025-03-13', 'Visit'),
('25', '9', '2025-01-13', 'Email'),
('26', '9', '2024-12-30', 'Call'),
('27', '10', '2025-04-13', 'Visit'),
('28', '10', '2025-04-07', 'Visit'),
('29', '10', '2025-04-26', 'Call'),
('30', '10', '2025-04-20', 'Visit'),
('31', '10', '2025-04-02', 'Visit'),
('32', '11', '2025-02-21', 'Call'),
('33', '11', '2025-03-02', 'Visit'),
('34', '12', '2025-06-03', 'Call'),
('35', '12', '2025-06-09', 'Visit'),
('36', '13', '2025-04-15', 'Call'),
('37', '13', '2025-05-12', 'Visit'),
('38', '14', '2025-04-17', 'Email'),
('39', '14', '2025-04-28', 'Visit'),
('40', '14', '2025-04-25', 'Call'),
('41', '14', '2025-05-11', 'Visit'),
('42', '14', '2025-05-06', 'Visit'),
('43', '15', '2025-06-09', 'Call'),
('44', '16', '2025-05-31', 'Visit'),
('45', '17', '2025-03-14', 'Email'),
('46', '17', '2025-02-27', 'Visit'),
('47', '17', '2025-02-25', 'Visit'),
('48', '18', '2025-04-07', 'Visit'),
('49', '19', '2025-02-11', 'Email'),
('50', '19', '2025-02-13', 'Call'),
('51', '19', '2025-01-26', 'Call'),
('52', '19', '2025-01-25', 'Visit'),
('53', '20', '2025-05-23', 'Visit'),
('54', '20', '2025-05-01', 'Call'),
('55', '20', '2025-05-18', 'Visit'),
('56', '20', '2025-05-24', 'Call'),
('57', '21', '2025-01-23', 'Call'),
('58', '21', '2024-12-31', 'Email'),
('59', '21', '2024-12-26', 'Email'),
('60', '21', '2025-01-03', 'Email'),
('61', '22', '2024-12-27', 'Call'),
('62', '22', '2025-01-08', 'Visit'),
('63', '22', '2025-01-07', 'Call'),
('64', '23', '2025-04-22', 'Visit'),
('65', '23', '2025-04-22', 'Visit'),
('66', '24', '2025-02-16', 'Visit'),
('67', '24', '2025-02-13', 'Visit'),
('68', '24', '2025-02-05', 'Email'),
('69', '24', '2025-02-01', 'Visit'),
('70', '25', '2025-05-12', 'Email'),
('71', '26', '2025-03-08', 'Email'),
('72', '26', '2025-03-07', 'Call'),
('73', '27', '2025-01-06', 'Visit'),
('74', '27', '2024-12-31', 'Call'),
('75', '27', '2025-01-05', 'Call'),
('76', '27', '2025-01-25', 'Call'),
('77', '27', '2025-01-20', 'Visit'),
('78', '28', '2025-06-12', 'Email'),
('79', '28', '2025-06-25', 'Call'),
('80', '28', '2025-05-30', 'Visit'),
('81', '28', '2025-06-10', 'Email'),
('82', '28', '2025-05-29', 'Call'),
('83', '29', '2025-01-27', 'Call'),
('84', '29', '2025-01-29', 'Visit'),
('85', '29', '2025-02-24', 'Call'),
('86', '29', '2025-02-13', 'Call'),
('87', '29', '2025-02-22', 'Email'),
('88', '30', '2025-06-27', 'Email'),
('89', '31', '2025-01-24', 'Call'),
('90', '31', '2025-01-30', 'Call'),
('91', '31', '2025-01-28', 'Call'),
('92', '31', '2025-01-26', 'Call'),
('93', '31', '2025-01-29', 'Email'),
('94', '32', '2025-03-08', 'Call'),
('95', '33', '2025-02-25', 'Call'),
('96', '34', '2025-03-21', 'Call'),
('97', '34', '2025-03-14', 'Email'),
('98', '34', '2025-03-16', 'Visit'),
('99', '34', '2025-03-19', 'Call'),
('100', '34', '2025-03-14', 'Visit'),
('101', '35', '2025-04-16', 'Visit'),
('102', '35', '2025-04-28', 'Call'),
('103', '35', '2025-05-01', 'Visit'),
('104', '36', '2025-06-15', 'Email'),
('105', '37', '2025-03-06', 'Visit'),
('106', '37', '2025-03-05', 'Visit'),
('107', '38', '2025-01-22', 'Call'),
('108', '38', '2025-01-26', 'Visit'),
('109', '38', '2025-02-01', 'Visit'),
('110', '39', '2025-03-10', 'Visit'),
('111', '39', '2025-03-14', 'Visit'),
('112', '39', '2025-03-04', 'Call'),
('113', '40', '2025-02-20', 'Call'),
('114', '41', '2025-01-29', 'Call'),
('115', '41', '2025-02-11', 'Visit'),
('116', '41', '2025-01-22', 'Call'),
('117', '41', '2025-02-15', 'Email'),
('118', '42', '2025-05-06', 'Call'),
('119', '43', '2025-02-16', 'Call'),
('120', '43', '2025-02-25', 'Email'),
('121', '43', '2025-02-16', 'Email'),
('122', '43', '2025-02-26', 'Call'),
('123', '43', '2025-02-28', 'Visit'),
('124', '44', '2025-05-20', 'Email'),
('125', '45', '2025-06-24', 'Visit'),
('126', '45', '2025-06-16', 'Visit'),
('127', '46', '2025-05-20', 'Email'),
('128', '46', '2025-05-06', 'Visit'),
('129', '47', '2025-05-14', 'Email'),
('130', '47', '2025-05-04', 'Visit'),
('131', '47', '2025-05-10', 'Visit'),
('132', '47', '2025-05-12', 'Visit'),
('133', '48', '2025-01-16', 'Visit'),
('134', '48', '2025-01-20', 'Email'),
('135', '48', '2025-01-18', 'Call'),
('136', '49', '2025-04-30', 'Email'),
('137', '50', '2025-04-29', 'Email'),
('138', '50', '2025-04-25', 'Email'),
('139', '51', '2025-01-22', 'Visit'),
('140', '51', '2025-01-17', 'Visit'),
('141', '51', '2025-01-16', 'Call'),
('142', '52', '2025-04-13', 'Call'),
('143', '53', '2025-05-21', 'Call'),
('144', '54', '2025-02-20', 'Email'),
('145', '55', '2025-01-15', 'Visit'),
('146', '55', '2025-02-02', 'Email'),
('147', '55', '2025-01-13', 'Email'),
('148', '56', '2025-04-01', 'Email'),
('149', '56', '2025-03-31', 'Visit'),
('150', '56', '2025-04-05', 'Email'),
('151', '56', '2025-03-26', 'Email'),
('152', '56', '2025-04-07', 'Visit'),
('153', '57', '2025-03-14', 'Visit'),
('154', '57', '2025-03-17', 'Email'),
('155', '57', '2025-03-06', 'Call'),
('156', '57', '2025-03-11', 'Email'),
('157', '58', '2025-02-03', 'Visit'),
('158', '58', '2025-02-09', 'Call'),
('159', '58', '2025-02-10', 'Visit'),
('160', '58', '2025-02-16', 'Email'),
('161', '58', '2025-02-20', 'Call'),
('162', '59', '2025-07-02', 'Call'),
('163', '59', '2025-06-19', 'Visit'),
('164', '59', '2025-06-28', 'Email'),
('165', '59', '2025-06-25', 'Visit'),
('166', '60', '2025-04-25', 'Email'),
('167', '60', '2025-04-23', 'Call'),
('168', '60', '2025-05-09', 'Call'),
('169', '61', '2025-05-18', 'Visit'),
('170', '61', '2025-05-19', 'Visit'),
('171', '61', '2025-05-14', 'Email'),
('172', '62', '2025-04-04', 'Email'),
('173', '62', '2025-04-01', 'Call'),
('174', '62', '2025-04-17', 'Email'),
('175', '62', '2025-04-22', 'Call'),
('176', '62', '2025-04-20', 'Email'),
('177', '63', '2025-01-29', 'Call'),
('178', '63', '2025-02-01', 'Email'),
('179', '63', '2025-01-27', 'Call'),
('180', '64', '2025-05-01', 'Call'),
('181', '65', '2025-03-14', 'Email'),
('182', '65', '2025-02-22', 'Visit'),
('183', '65', '2025-02-26', 'Email'),
('184', '65', '2025-03-03', 'Visit'),
('185', '66', '2025-06-01', 'Call'),
('186', '66', '2025-06-11', 'Call'),
('187', '67', '2025-05-20', 'Visit'),
('188', '67', '2025-05-20', 'Visit'),
('189', '68', '2025-05-19', 'Visit'),
('190', '68', '2025-05-16', 'Email'),
('191', '68', '2025-06-07', 'Call'),
('192', '68', '2025-05-14', 'Call'),
('193', '68', '2025-05-17', 'Email'),
('194', '69', '2024-12-31', 'Visit'),
('195', '69', '2025-01-09', 'Email'),
('196', '69', '2025-01-06', 'Call'),
('197', '69', '2025-01-11', 'Call'),
('198', '70', '2025-02-13', 'Call'),
('199', '70', '2025-02-19', 'Visit'),
('200', '70', '2025-02-21', 'Email'),
('201', '70', '2025-02-13', 'Call'),
('202', '70', '2025-02-19', 'Call'),
('203', '71', '2025-05-23', 'Email'),
('204', '71', '2025-06-01', 'Email'),
('205', '71', '2025-05-31', 'Email'),
('206', '71', '2025-06-11', 'Call'),
('207', '72', '2024-12-21', 'Email'),
('208', '72', '2024-12-27', 'Email'),
('209', '72', '2024-12-22', 'Email'),
('210', '72', '2025-01-15', 'Visit'),
('211', '73', '2025-06-11', 'Email'),
('212', '73', '2025-06-07', 'Email'),
('213', '73', '2025-06-11', 'Call'),
('214', '73', '2025-05-24', 'Email'),
('215', '73', '2025-06-04', 'Call'),
('216', '74', '2025-02-12', 'Visit'),
('217', '74', '2025-02-25', 'Call'),
('218', '74', '2025-02-19', 'Call'),
('219', '74', '2025-02-26', 'Call'),
('220', '74', '2025-03-04', 'Call'),
('221', '75', '2025-03-07', 'Email'),
('222', '75', '2025-03-17', 'Call'),
('223', '75', '2025-03-12', 'Call'),
('224', '75', '2025-03-29', 'Visit'),
('225', '76', '2025-02-11', 'Visit'),
('226', '77', '2025-01-04', 'Visit'),
('227', '77', '2025-01-18', 'Visit'),
('228', '77', '2025-01-06', 'Email'),
('229', '78', '2025-02-14', 'Email'),
('230', '78', '2025-02-13', 'Email'),
('231', '78', '2025-02-03', 'Visit'),
('232', '79', '2025-07-05', 'Email'),
('233', '80', '2025-04-27', 'Email'),
('234', '80', '2025-04-12', 'Visit'),
('235', '80', '2025-04-24', 'Email'),
('236', '80', '2025-04-22', 'Call'),
('237', '81', '2025-06-03', 'Call'),
('238', '81', '2025-06-21', 'Visit'),
('239', '81', '2025-06-30', 'Email'),
('240', '81', '2025-06-08', 'Visit'),
('241', '81', '2025-06-03', 'Email'),
('242', '82', '2025-05-26', 'Call'),
('243', '82', '2025-05-10', 'Email'),
('244', '82', '2025-05-12', 'Email'),
('245', '83', '2025-03-03', 'Email'),
('246', '84', '2025-01-31', 'Visit'),
('247', '84', '2025-01-23', 'Email'),
('248', '84', '2025-02-20', 'Email'),
('249', '84', '2025-02-13', 'Visit'),
('250', '85', '2025-05-16', 'Email'),
('251', '85', '2025-04-25', 'Email'),
('252', '85', '2025-05-16', 'Email'),
('253', '85', '2025-04-22', 'Call'),
('254', '86', '2025-03-19', 'Visit'),
('255', '86', '2025-04-15', 'Visit'),
('256', '86', '2025-04-12', 'Visit'),
('257', '87', '2025-03-07', 'Visit'),
('258', '87', '2025-03-23', 'Visit'),
('259', '87', '2025-03-23', 'Visit'),
('260', '87', '2025-03-20', 'Call'),
('261', '87', '2025-03-19', 'Call'),
('262', '88', '2025-06-04', 'Email'),
('263', '88', '2025-06-12', 'Visit'),
('264', '89', '2025-06-16', 'Email'),
('265', '89', '2025-07-03', 'Email'),
('266', '90', '2025-04-27', 'Call'),
('267', '90', '2025-05-11', 'Email'),
('268', '90', '2025-04-16', 'Email'),
('269', '90', '2025-05-03', 'Call'),
('270', '90', '2025-04-30', 'Email'),
('271', '91', '2025-03-12', 'Visit'),
('272', '91', '2025-04-09', 'Visit'),
('273', '91', '2025-03-22', 'Visit'),
('274', '91', '2025-03-19', 'Visit'),
('275', '92', '2025-01-10', 'Email'),
('276', '93', '2025-02-23', 'Visit'),
('277', '93', '2025-02-24', 'Visit'),
('278', '93', '2025-02-15', 'Visit'),
('279', '94', '2025-01-10', 'Visit'),
('280', '94', '2025-01-20', 'Call'),
('281', '94', '2025-01-23', 'Email'),
('282', '95', '2025-02-04', 'Call'),
('283', '95', '2025-02-25', 'Email'),
('284', '95', '2025-01-31', 'Visit'),
('285', '96', '2025-05-31', 'Visit'),
('286', '96', '2025-05-12', 'Call'),
('287', '97', '2025-04-01', 'Email'),
('288', '97', '2025-04-28', 'Call'),
('289', '97', '2025-04-05', 'Visit'),
('290', '97', '2025-04-09', 'Call'),
('291', '97', '2025-04-04', 'Visit'),
('292', '98', '2025-03-28', 'Call'),
('293', '98', '2025-04-19', 'Email'),
('294', '98', '2025-04-12', 'Call'),
('295', '99', '2025-02-03', 'Visit'),
('296', '99', '2025-02-27', 'Visit'),
('297', '99', '2025-02-18', 'Email'),
('298', '99', '2025-02-16', 'Visit'),
('299', '99', '2025-02-02', 'Call'),
('300', '100', '2025-05-17', 'Visit'),
('301', '101', '2025-04-21', 'Visit'),
('302', '101', '2025-04-18', 'Call'),
('303', '101', '2025-04-30', 'Visit'),
('304', '101', '2025-04-08', 'Visit'),
('305', '102', '2025-03-16', 'Email'),
('306', '102', '2025-03-18', 'Email'),
('307', '102', '2025-03-29', 'Call'),
('308', '102', '2025-03-16', 'Email'),
('309', '103', '2025-06-07', 'Email'),
('310', '104', '2025-04-18', 'Email'),
('311', '105', '2025-03-03', 'Visit'),
('312', '105', '2025-03-16', 'Call'),
('313', '105', '2025-03-04', 'Visit'),
('314', '106', '2025-02-28', 'Email'),
('315', '106', '2025-03-20', 'Visit'),
('316', '106', '2025-03-17', 'Visit'),
('317', '106', '2025-03-12', 'Visit'),
('318', '106', '2025-03-13', 'Visit'),
('319', '107', '2025-02-22', 'Email'),
('320', '107', '2025-02-04', 'Call'),
('321', '107', '2025-01-29', 'Call'),
('322', '108', '2025-01-21', 'Email'),
('323', '108', '2025-01-18', 'Call'),
('324', '108', '2025-01-19', 'Email'),
('325', '108', '2025-01-31', 'Email'),
('326', '109', '2025-03-29', 'Email'),
('327', '110', '2025-03-31', 'Call'),
('328', '110', '2025-03-27', 'Visit'),
('329', '110', '2025-04-08', 'Visit'),
('330', '111', '2025-01-05', 'Email'),
('331', '112', '2025-05-31', 'Email'),
('332', '112', '2025-05-13', 'Call'),
('333', '112', '2025-05-20', 'Visit'),
('334', '112', '2025-05-30', 'Call'),
('335', '113', '2025-01-05', 'Call'),
('336', '114', '2025-05-29', 'Email'),
('337', '114', '2025-06-03', 'Visit'),
('338', '114', '2025-06-12', 'Visit'),
('339', '114', '2025-06-27', 'Email'),
('340', '115', '2025-01-30', 'Email'),
('341', '115', '2025-01-26', 'Email'),
('342', '115', '2025-01-10', 'Email'),
('343', '115', '2025-01-27', 'Call'),
('344', '116', '2025-01-18', 'Call'),
('345', '116', '2025-01-15', 'Email'),
('346', '117', '2025-05-07', 'Visit'),
('347', '117', '2025-04-27', 'Visit'),
('348', '117', '2025-05-12', 'Visit'),
('349', '117', '2025-05-03', 'Visit'),
('350', '117', '2025-05-02', 'Email'),
('351', '118', '2025-02-07', 'Email'),
('352', '118', '2025-01-31', 'Call'),
('353', '118', '2025-01-24', 'Visit'),
('354', '119', '2025-06-04', 'Call'),
('355', '120', '2025-05-13', 'Email'),
('356', '120', '2025-05-10', 'Call'),
('357', '120', '2025-04-25', 'Email'),
('358', '121', '2025-03-18', 'Visit'),
('359', '121', '2025-03-20', 'Visit'),
('360', '121', '2025-03-09', 'Email'),
('361', '121', '2025-03-15', 'Email'),
('362', '122', '2025-04-10', 'Visit'),
('363', '122', '2025-04-28', 'Email'),
('364', '122', '2025-04-16', 'Email'),
('365', '123', '2025-01-03', 'Visit'),
('366', '123', '2025-01-16', 'Visit'),
('367', '123', '2025-01-06', 'Call'),
('368', '124', '2025-02-27', 'Visit'),
('369', '124', '2025-03-18', 'Email'),
('370', '124', '2025-03-13', 'Email'),
('371', '124', '2025-02-25', 'Email'),
('372', '124', '2025-03-06', 'Call'),
('373', '125', '2025-03-24', 'Call'),
('374', '125', '2025-03-13', 'Visit'),
('375', '125', '2025-03-23', 'Visit'),
('376', '126', '2025-05-03', 'Visit'),
('377', '126', '2025-05-01', 'Visit'),
('378', '127', '2025-03-22', 'Visit'),
('379', '127', '2025-04-07', 'Email'),
('380', '127', '2025-03-20', 'Visit'),
('381', '127', '2025-03-20', 'Email'),
('382', '127', '2025-04-07', 'Email'),
('383', '128', '2025-04-10', 'Visit'),
('384', '128', '2025-04-07', 'Call'),
('385', '128', '2025-04-20', 'Call'),
('386', '128', '2025-04-19', 'Visit'),
('387', '129', '2025-02-26', 'Call'),
('388', '129', '2025-02-08', 'Call'),
('389', '129', '2025-02-23', 'Call'),
('390', '129', '2025-02-07', 'Email'),
('391', '129', '2025-02-27', 'Visit'),
('392', '130', '2025-03-31', 'Email'),
('393', '130', '2025-04-15', 'Email'),
('394', '130', '2025-04-06', 'Email'),
('395', '130', '2025-04-01', 'Email'),
('396', '131', '2025-06-27', 'Email'),
('397', '131', '2025-06-20', 'Call'),
('398', '131', '2025-06-22', 'Visit'),
('399', '132', '2025-01-01', 'Visit'),
('400', '132', '2025-01-03', 'Visit'),
('401', '133', '2025-05-07', 'Visit'),
('402', '133', '2025-05-19', 'Visit'),
('403', '134', '2025-05-10', 'Email'),
('404', '134', '2025-05-01', 'Visit'),
('405', '135', '2025-01-20', 'Visit'),
('406', '136', '2025-05-05', 'Email'),
('407', '136', '2025-05-17', 'Call'),
('408', '136', '2025-05-05', 'Call'),
('409', '136', '2025-05-05', 'Call'),
('410', '137', '2025-06-12', 'Visit'),
('411', '137', '2025-06-07', 'Visit'),
('412', '137', '2025-06-16', 'Visit'),
('413', '137', '2025-06-17', 'Visit'),
('414', '137', '2025-06-07', 'Call'),
('415', '138', '2025-04-24', 'Call'),
('416', '138', '2025-04-06', 'Email'),
('417', '139', '2025-06-03', 'Call'),
('418', '139', '2025-06-03', 'Visit'),
('419', '139', '2025-05-17', 'Email'),
('420', '140', '2025-02-17', 'Visit'),
('421', '140', '2025-02-17', 'Email'),
('422', '141', '2025-05-20', 'Email'),
('423', '141', '2025-05-14', 'Call'),
('424', '141', '2025-05-21', 'Visit'),
('425', '141', '2025-05-20', 'Email'),
('426', '141', '2025-05-25', 'Visit'),
('427', '142', '2025-05-06', 'Call'),
('428', '142', '2025-04-18', 'Visit'),
('429', '142', '2025-05-06', 'Email'),
('430', '143', '2025-02-21', 'Call'),
('431', '144', '2025-01-07', 'Visit'),
('432', '144', '2025-01-17', 'Email'),
('433', '144', '2025-01-14', 'Email'),
('434', '144', '2025-01-27', 'Call'),
('435', '144', '2025-01-21', 'Call'),
('436', '145', '2025-02-22', 'Visit'),
('437', '145', '2025-02-19', 'Visit'),
('438', '146', '2025-03-13', 'Call'),
('439', '146', '2025-03-11', 'Call'),
('440', '146', '2025-03-21', 'Call'),
('441', '146', '2025-04-04', 'Visit'),
('442', '147', '2025-02-08', 'Call'),
('443', '147', '2025-02-03', 'Visit'),
('444', '147', '2025-02-10', 'Visit'),
('445', '148', '2025-04-05', 'Email'),
('446', '148', '2025-03-11', 'Email'),
('447', '149', '2024-12-22', 'Email'),
('448', '150', '2025-05-12', 'Visit'),
('449', '150', '2025-05-04', 'Email'),
('450', '151', '2025-06-30', 'Call'),
('451', '151', '2025-06-27', 'Call'),
('452', '151', '2025-06-17', 'Call'),
('453', '151', '2025-06-10', 'Call'),
('454', '151', '2025-06-06', 'Email'),
('455', '152', '2025-05-09', 'Call'),
('456', '152', '2025-05-21', 'Email'),
('457', '152', '2025-05-20', 'Visit'),
('458', '152', '2025-05-03', 'Visit'),
('459', '152', '2025-05-21', 'Call'),
('460', '153', '2025-02-04', 'Call'),
('461', '154', '2025-04-17', 'Visit'),
('462', '154', '2025-04-06', 'Email'),
('463', '154', '2025-04-09', 'Email'),
('464', '154', '2025-04-04', 'Call'),
('465', '155', '2025-05-22', 'Email'),
('466', '155', '2025-05-23', 'Call'),
('467', '155', '2025-05-19', 'Visit'),
('468', '155', '2025-05-13', 'Email'),
('469', '156', '2025-01-23', 'Email'),
('470', '156', '2025-01-19', 'Email'),
('471', '156', '2025-01-30', 'Call'),
('472', '157', '2025-04-19', 'Visit'),
('473', '157', '2025-04-13', 'Email'),
('474', '157', '2025-03-27', 'Call'),
('475', '158', '2025-06-20', 'Visit'),
('476', '159', '2025-01-17', 'Visit'),
('477', '159', '2025-01-30', 'Visit'),
('478', '159', '2025-01-23', 'Email'),
('479', '160', '2025-06-11', 'Call'),
('480', '160', '2025-06-12', 'Call'),
('481', '160', '2025-06-18', 'Visit'),
('482', '160', '2025-06-06', 'Email'),
('483', '161', '2025-05-04', 'Visit'),
('484', '161', '2025-04-16', 'Call'),
('485', '161', '2025-04-16', 'Email'),
('486', '161', '2025-04-24', 'Email'),
('487', '161', '2025-04-30', 'Email'),
('488', '162', '2025-03-02', 'Email'),
('489', '162', '2025-03-05', 'Email'),
('490', '163', '2025-06-06', 'Visit'),
('491', '163', '2025-06-17', 'Email'),
('492', '164', '2025-05-12', 'Call'),
('493', '164', '2025-04-27', 'Email'),
('494', '164', '2025-05-07', 'Call'),
('495', '164', '2025-04-29', 'Visit'),
('496', '165', '2025-04-08', 'Email'),
('497', '166', '2025-04-28', 'Visit'),
('498', '167', '2025-02-02', 'Visit'),
('499', '167', '2025-02-13', 'Visit'),
('500', '168', '2025-01-27', 'Email'),
('501', '168', '2025-01-21', 'Call'),
('502', '168', '2025-01-25', 'Visit'),
('503', '168', '2025-01-21', 'Visit'),
('504', '169', '2025-03-12', 'Email'),
('505', '169', '2025-03-02', 'Email'),
('506', '169', '2025-03-19', 'Email'),
('507', '170', '2025-05-13', 'Visit'),
('508', '170', '2025-05-31', 'Visit'),
('509', '170', '2025-05-22', 'Email'),
('510', '171', '2025-02-02', 'Email'),
('511', '171', '2025-02-05', 'Email'),
('512', '171', '2025-01-19', 'Call'),
('513', '171', '2025-02-08', 'Visit'),
('514', '172', '2025-03-28', 'Visit'),
('515', '172', '2025-04-24', 'Visit'),
('516', '173', '2025-06-03', 'Call'),
('517', '174', '2025-06-20', 'Email'),
('518', '174', '2025-06-30', 'Call'),
('519', '174', '2025-07-09', 'Call'),
('520', '175', '2025-04-20', 'Email'),
('521', '176', '2025-06-18', 'Email'),
('522', '176', '2025-06-29', 'Visit'),
('523', '176', '2025-06-25', 'Email'),
('524', '177', '2025-01-05', 'Email'),
('525', '177', '2025-01-02', 'Email'),
('526', '178', '2025-04-24', 'Email'),
('527', '178', '2025-04-10', 'Email'),
('528', '178', '2025-04-29', 'Call'),
('529', '178', '2025-04-13', 'Call'),
('530', '179', '2025-02-23', 'Email'),
('531', '179', '2025-03-03', 'Visit'),
('532', '179', '2025-03-03', 'Call'),
('533', '180', '2025-03-22', 'Email'),
('534', '180', '2025-04-07', 'Visit'),
('535', '180', '2025-04-15', 'Visit'),
('536', '181', '2024-12-20', 'Email'),
('537', '181', '2024-12-20', 'Email'),
('538', '182', '2025-01-24', 'Visit'),
('539', '182', '2025-01-30', 'Call'),
('540', '183', '2025-07-07', 'Visit'),
('541', '184', '2025-03-14', 'Call'),
('542', '185', '2025-06-14', 'Email'),
('543', '185', '2025-06-19', 'Call'),
('544', '185', '2025-06-18', 'Email'),
('545', '185', '2025-06-22', 'Email'),
('546', '185', '2025-06-24', 'Call'),
('547', '186', '2025-06-14', 'Call'),
('548', '186', '2025-06-09', 'Call'),
('549', '186', '2025-06-21', 'Call'),
('550', '187', '2025-06-15', 'Email'),
('551', '187', '2025-06-01', 'Email'),
('552', '187', '2025-05-30', 'Call'),
('553', '188', '2025-02-14', 'Visit'),
('554', '188', '2025-02-17', 'Call'),
('555', '188', '2025-03-06', 'Call'),
('556', '188', '2025-02-19', 'Email'),
('557', '188', '2025-03-03', 'Visit'),
('558', '189', '2025-02-05', 'Call'),
('559', '189', '2025-02-26', 'Visit'),
('560', '190', '2025-01-12', 'Call'),
('561', '191', '2025-02-04', 'Visit'),
('562', '191', '2025-02-03', 'Call'),
('563', '191', '2025-02-01', 'Visit'),
('564', '191', '2025-02-06', 'Call'),
('565', '192', '2025-06-22', 'Visit'),
('566', '192', '2025-06-08', 'Email'),
('567', '193', '2025-04-13', 'Visit'),
('568', '194', '2025-01-02', 'Visit'),
('569', '194', '2025-01-12', 'Call'),
('570', '194', '2025-01-24', 'Call'),
('571', '194', '2025-01-06', 'Visit'),
('572', '195', '2025-01-05', 'Email'),
('573', '195', '2025-01-04', 'Email'),
('574', '195', '2025-01-18', 'Call'),
('575', '195', '2025-01-27', 'Email'),
('576', '196', '2025-05-23', 'Call'),
('577', '196', '2025-05-31', 'Call'),
('578', '196', '2025-05-10', 'Visit'),
('579', '196', '2025-05-27', 'Visit'),
('580', '196', '2025-05-21', 'Call'),
('581', '197', '2025-04-15', 'Call'),
('582', '197', '2025-04-08', 'Visit'),
('583', '197', '2025-04-08', 'Call'),
('584', '197', '2025-03-29', 'Call'),
('585', '198', '2025-05-28', 'Email'),
('586', '198', '2025-06-05', 'Email'),
('587', '198', '2025-06-03', 'Call'),
('588', '199', '2025-01-13', 'Call'),
('589', '200', '2025-05-19', 'Call'),
('590', '200', '2025-05-21', 'Visit'),
('591', '201', '2025-03-31', 'Visit'),
('592', '201', '2025-04-20', 'Email'),
('593', '201', '2025-03-31', 'Call'),
('594', '201', '2025-04-18', 'Visit'),
('595', '202', '2025-05-23', 'Call'),
('596', '203', '2025-01-07', 'Visit'),
('597', '203', '2025-01-26', 'Visit'),
('598', '203', '2025-02-04', 'Visit'),
('599', '204', '2025-01-29', 'Email'),
('600', '204', '2025-01-23', 'Email'),
('601', '204', '2025-01-06', 'Visit'),
('602', '204', '2025-02-01', 'Visit'),
('603', '204', '2025-01-27', 'Email'),
('604', '205', '2025-05-06', 'Email'),
('605', '205', '2025-05-16', 'Email'),
('606', '205', '2025-04-28', 'Email'),
('607', '205', '2025-04-22', 'Email'),
('608', '205', '2025-05-02', 'Email'),
('609', '206', '2025-03-27', 'Email'),
('610', '206', '2025-04-01', 'Email'),
('611', '206', '2025-03-16', 'Visit'),
('612', '206', '2025-03-15', 'Visit'),
('613', '207', '2025-04-04', 'Visit'),
('614', '207', '2025-04-26', 'Visit'),
('615', '208', '2025-01-20', 'Visit'),
('616', '209', '2025-02-28', 'Email'),
('617', '209', '2025-02-23', 'Visit'),
('618', '209', '2025-02-12', 'Email'),
('619', '209', '2025-02-26', 'Visit'),
('620', '209', '2025-02-06', 'Visit'),
('621', '210', '2025-04-13', 'Visit'),
('622', '210', '2025-04-13', 'Email'),
('623', '210', '2025-04-18', 'Email'),
('624', '211', '2025-06-05', 'Visit'),
('625', '211', '2025-06-18', 'Visit'),
('626', '211', '2025-06-12', 'Call'),
('627', '211', '2025-06-24', 'Visit'),
('628', '212', '2025-05-01', 'Visit'),
('629', '212', '2025-04-13', 'Visit'),
('630', '212', '2025-04-21', 'Email'),
('631', '212', '2025-04-20', 'Call'),
('632', '213', '2025-03-10', 'Email'),
('633', '214', '2025-02-09', 'Call'),
('634', '214', '2025-02-11', 'Visit'),
('635', '214', '2025-02-17', 'Email'),
('636', '215', '2025-06-27', 'Call'),
('637', '215', '2025-07-02', 'Email'),
('638', '215', '2025-06-16', 'Call'),
('639', '215', '2025-06-19', 'Email'),
('640', '215', '2025-06-19', 'Email'),
('641', '216', '2025-04-07', 'Email'),
('642', '217', '2025-05-17', 'Call'),
('643', '217', '2025-05-20', 'Email'),
('644', '218', '2025-05-13', 'Visit'),
('645', '218', '2025-05-25', 'Call'),
('646', '218', '2025-05-18', 'Email'),
('647', '219', '2025-05-07', 'Email'),
('648', '219', '2025-05-21', 'Email'),
('649', '219', '2025-05-06', 'Call'),
('650', '220', '2025-02-15', 'Email'),
('651', '220', '2025-02-16', 'Visit'),
('652', '220', '2025-01-23', 'Email'),
('653', '220', '2025-02-11', 'Email'),
('654', '221', '2025-05-14', 'Visit'),
('655', '222', '2025-03-05', 'Visit'),
('656', '222', '2025-03-02', 'Visit'),
('657', '222', '2025-03-12', 'Call'),
('658', '223', '2025-03-20', 'Visit'),
('659', '223', '2025-03-20', 'Email'),
('660', '223', '2025-03-24', 'Email'),
('661', '223', '2025-03-25', 'Email'),
('662', '223', '2025-03-03', 'Call'),
('663', '224', '2025-05-06', 'Visit'),
('664', '224', '2025-05-10', 'Visit'),
('665', '224', '2025-05-08', 'Call'),
('666', '224', '2025-05-03', 'Call'),
('667', '225', '2025-04-28', 'Email'),
('668', '225', '2025-05-13', 'Call'),
('669', '225', '2025-05-04', 'Email'),
('670', '226', '2025-03-20', 'Visit'),
('671', '227', '2025-03-13', 'Email'),
('672', '227', '2025-03-25', 'Email'),
('673', '227', '2025-03-22', 'Call'),
('674', '227', '2025-04-02', 'Email'),
('675', '227', '2025-03-28', 'Call'),
('676', '228', '2025-06-23', 'Email'),
('677', '228', '2025-06-17', 'Call'),
('678', '228', '2025-06-27', 'Call'),
('679', '228', '2025-06-11', 'Email'),
('680', '229', '2025-04-06', 'Call'),
('681', '229', '2025-03-31', 'Visit'),
('682', '230', '2025-03-21', 'Email'),
('683', '230', '2025-03-29', 'Call'),
('684', '230', '2025-04-05', 'Visit'),
('685', '231', '2025-01-14', 'Call'),
('686', '231', '2025-01-10', 'Email'),
('687', '232', '2025-02-04', 'Email'),
('688', '232', '2025-02-19', 'Visit'),
('689', '232', '2025-02-21', 'Visit'),
('690', '232', '2025-02-28', 'Call'),
('691', '233', '2025-01-26', 'Email'),
('692', '233', '2025-01-25', 'Email'),
('693', '233', '2025-01-29', 'Call'),
('694', '233', '2025-02-20', 'Email'),
('695', '233', '2025-02-11', 'Visit'),
('696', '234', '2024-12-25', 'Call'),
('697', '234', '2025-01-03', 'Call'),
('698', '234', '2025-01-02', 'Call'),
('699', '234', '2025-01-11', 'Email'),
('700', '234', '2024-12-30', 'Email'),
('701', '235', '2025-03-12', 'Visit'),
('702', '235', '2025-03-14', 'Email'),
('703', '235', '2025-03-05', 'Call'),
('704', '236', '2024-12-31', 'Email'),
('705', '237', '2025-04-26', 'Email'),
('706', '237', '2025-04-11', 'Visit'),
('707', '237', '2025-04-10', 'Call'),
('708', '237', '2025-05-02', 'Call'),
('709', '237', '2025-05-01', 'Call'),
('710', '238', '2025-04-17', 'Email'),
('711', '238', '2025-04-26', 'Visit'),
('712', '238', '2025-04-27', 'Visit'),
('713', '239', '2025-02-17', 'Email'),
('714', '239', '2025-02-21', 'Call'),
('715', '240', '2025-04-08', 'Visit'),
('716', '240', '2025-05-01', 'Call'),
('717', '240', '2025-04-18', 'Visit'),
('718', '240', '2025-04-29', 'Email'),
('719', '241', '2025-02-20', 'Call'),
('720', '241', '2025-02-18', 'Visit'),
('721', '241', '2025-02-05', 'Call'),
('722', '242', '2025-01-10', 'Email'),
('723', '242', '2025-01-08', 'Email'),
('724', '242', '2025-01-11', 'Visit'),
('725', '242', '2025-01-07', 'Call'),
('726', '242', '2024-12-15', 'Call'),
('727', '243', '2025-01-01', 'Visit'),
('728', '243', '2025-01-24', 'Call'),
('729', '243', '2025-01-23', 'Visit'),
('730', '243', '2025-01-04', 'Call'),
('731', '244', '2025-04-30', 'Email'),
('732', '244', '2025-05-19', 'Email'),
('733', '245', '2025-04-16', 'Call'),
('734', '245', '2025-05-02', 'Call'),
('735', '245', '2025-04-30', 'Visit'),
('736', '245', '2025-04-28', 'Call'),
('737', '246', '2025-01-05', 'Call'),
('738', '246', '2025-01-16', 'Call'),
('739', '247', '2025-02-11', 'Visit'),
('740', '248', '2025-01-14', 'Visit'),
('741', '248', '2025-01-09', 'Call'),
('742', '248', '2024-12-28', 'Call'),
('743', '248', '2024-12-30', 'Call'),
('744', '249', '2025-06-26', 'Call'),
('745', '249', '2025-06-13', 'Visit'),
('746', '249', '2025-06-25', 'Visit'),
('747', '250', '2024-12-28', 'Visit'),
('748', '250', '2024-12-20', 'Call'),
('749', '250', '2025-01-03', 'Email'),
('750', '250', '2024-12-22', 'Call'),
('751', '251', '2025-06-09', 'Visit'),
('752', '251', '2025-06-10', 'Email'),
('753', '252', '2025-02-23', 'Call'),
('754', '253', '2025-01-17', 'Email'),
('755', '253', '2024-12-28', 'Visit'),
('756', '253', '2025-01-12', 'Visit'),
('757', '253', '2025-01-14', 'Call'),
('758', '254', '2025-04-09', 'Visit'),
('759', '254', '2025-04-15', 'Visit'),
('760', '254', '2025-04-12', 'Visit'),
('761', '254', '2025-03-24', 'Email'),
('762', '255', '2025-02-16', 'Visit'),
('763', '255', '2025-01-29', 'Email'),
('764', '255', '2025-02-18', 'Visit'),
('765', '255', '2025-02-18', 'Visit'),
('766', '256', '2025-02-21', 'Visit'),
('767', '256', '2025-03-02', 'Visit'),
('768', '256', '2025-02-13', 'Call'),
('769', '257', '2025-05-07', 'Call'),
('770', '257', '2025-04-29', 'Visit'),
('771', '257', '2025-05-09', 'Visit'),
('772', '258', '2025-03-22', 'Email'),
('773', '258', '2025-04-10', 'Call'),
('774', '258', '2025-04-14', 'Visit'),
('775', '259', '2025-01-24', 'Email'),
('776', '259', '2025-02-03', 'Email'),
('777', '260', '2025-04-25', 'Visit'),
('778', '260', '2025-04-06', 'Email'),
('779', '260', '2025-04-22', 'Call'),
('780', '260', '2025-04-14', 'Email'),
('781', '261', '2025-01-09', 'Email'),
('782', '261', '2025-02-03', 'Email'),
('783', '261', '2025-01-31', 'Email'),
('784', '261', '2025-01-17', 'Call'),
('785', '262', '2025-05-09', 'Email'),
('786', '262', '2025-05-13', 'Visit'),
('787', '262', '2025-05-17', 'Call'),
('788', '262', '2025-05-25', 'Visit'),
('789', '262', '2025-05-26', 'Call'),
('790', '263', '2025-07-06', 'Visit'),
('791', '264', '2025-06-17', 'Call'),
('792', '264', '2025-06-06', 'Visit'),
('793', '264', '2025-06-10', 'Call'),
('794', '264', '2025-06-03', 'Call'),
('795', '265', '2025-04-06', 'Visit'),
('796', '265', '2025-04-28', 'Email'),
('797', '265', '2025-04-04', 'Visit'),
('798', '265', '2025-04-20', 'Call'),
('799', '265', '2025-04-15', 'Visit'),
('800', '266', '2025-04-11', 'Call'),
('801', '266', '2025-04-05', 'Call'),
('802', '266', '2025-04-07', 'Visit'),
('803', '266', '2025-04-06', 'Call'),
('804', '267', '2025-03-28', 'Email'),
('805', '267', '2025-03-28', 'Email'),
('806', '268', '2025-01-31', 'Visit'),
('807', '268', '2025-02-05', 'Email'),
('808', '269', '2025-06-10', 'Email'),
('809', '269', '2025-05-31', 'Visit'),
('810', '269', '2025-05-31', 'Call'),
('811', '269', '2025-05-17', 'Email'),
('812', '270', '2025-03-20', 'Email'),
('813', '270', '2025-03-25', 'Visit'),
('814', '271', '2025-05-24', 'Visit'),
('815', '272', '2025-03-07', 'Visit'),
('816', '273', '2025-01-29', 'Call'),
('817', '273', '2025-02-16', 'Call'),
('818', '274', '2025-01-28', 'Visit'),
('819', '274', '2025-01-15', 'Call'),
('820', '274', '2025-01-02', 'Email'),
('821', '274', '2025-01-12', 'Call'),
('822', '275', '2025-01-17', 'Email'),
('823', '275', '2025-01-11', 'Visit'),
('824', '275', '2025-01-16', 'Email'),
('825', '275', '2025-01-12', 'Email'),
('826', '276', '2025-05-05', 'Email'),
('827', '276', '2025-05-13', 'Visit'),
('828', '276', '2025-04-26', 'Call'),
('829', '276', '2025-04-22', 'Call'),
('830', '277', '2025-04-04', 'Call'),
('831', '277', '2025-03-11', 'Call'),
('832', '277', '2025-03-24', 'Email'),
('833', '278', '2025-02-25', 'Email'),
('834', '278', '2025-03-08', 'Email'),
('835', '278', '2025-02-24', 'Email'),
('836', '278', '2025-02-20', 'Call'),
('837', '278', '2025-02-20', 'Call'),
('838', '279', '2025-03-15', 'Visit'),
('839', '279', '2025-03-10', 'Email'),
('840', '280', '2025-03-13', 'Visit'),
('841', '281', '2025-04-05', 'Email'),
('842', '281', '2025-04-07', 'Visit'),
('843', '282', '2025-06-07', 'Visit'),
('844', '282', '2025-06-20', 'Email'),
('845', '282', '2025-06-02', 'Call'),
('846', '282', '2025-06-21', 'Call'),
('847', '283', '2025-05-10', 'Visit'),
('848', '283', '2025-05-21', 'Call'),
('849', '283', '2025-06-01', 'Email'),
('850', '283', '2025-05-07', 'Email'),
('851', '283', '2025-05-26', 'Call'),
('852', '284', '2024-12-29', 'Call'),
('853', '284', '2025-01-14', 'Call'),
('854', '284', '2025-01-03', 'Email'),
('855', '285', '2025-05-07', 'Email'),
('856', '285', '2025-05-03', 'Visit'),
('857', '285', '2025-05-04', 'Call'),
('858', '285', '2025-05-18', 'Email'),
('859', '286', '2025-04-28', 'Email'),
('860', '287', '2025-05-06', 'Visit'),
('861', '287', '2025-05-15', 'Email'),
('862', '287', '2025-05-09', 'Call'),
('863', '288', '2025-01-11', 'Call'),
('864', '289', '2024-12-27', 'Call'),
('865', '289', '2025-01-05', 'Visit'),
('866', '290', '2025-03-10', 'Visit'),
('867', '291', '2025-05-18', 'Call'),
('868', '292', '2025-02-27', 'Email'),
('869', '292', '2025-02-27', 'Call'),
('870', '293', '2025-05-18', 'Call'),
('871', '293', '2025-06-10', 'Visit'),
('872', '293', '2025-06-07', 'Call'),
('873', '293', '2025-05-19', 'Visit'),
('874', '293', '2025-05-28', 'Visit'),
('875', '294', '2025-06-19', 'Email'),
('876', '294', '2025-06-16', 'Call'),
('877', '294', '2025-06-13', 'Email'),
('878', '294', '2025-05-31', 'Email'),
('879', '294', '2025-06-26', 'Visit'),
('880', '295', '2025-01-08', 'Call'),
('881', '295', '2025-01-28', 'Call');

CREATE TABLE Conversions (
    lead_id INT PRIMARY KEY,
    status ENUM('Won', 'Lost') NOT NULL,
    conversion_date DATE NOT NULL,
    loss_reason VARCHAR(100),
    FOREIGN KEY (lead_id) REFERENCES Leads(lead_id)
);


INSERT INTO Conversions (lead_id, status, conversion_date, loss_reason) VALUES
(1, 'Won', '2025-06-11', NULL),
(2, 'Lost', '2025-01-04', 'Price too high'),
(3, 'Won', '2025-05-27', NULL),
(4, 'Lost', '2025-03-28', 'No follow-up'),
(5, 'Lost', '2025-04-19', 'Went with competitor'),
(6, 'Won', '2025-02-03', NULL),
(7, 'Won', '2025-07-04', NULL),
(8, 'Won', '2025-03-18', NULL),
(9, 'Lost', '2025-01-05', 'Went with competitor'),
(10, 'Lost', '2025-04-27', 'No follow-up'),
(11, 'Won', '2025-02-27', NULL),
(12, 'Lost', '2025-06-15', 'No follow-up'),
(13, 'Lost', '2025-04-20', 'Financing issues'),
(14, 'Lost', '2025-05-08', 'No follow-up'),
(15, 'Won', '2025-06-06', NULL),
(16, 'Lost', '2025-06-09', 'Price too high'),
(17, 'Lost', '2025-03-15', 'Not interested'),
(18, 'Won', '2025-04-21', NULL),
(19, 'Won', '2025-02-05', NULL),
(20, 'Lost', '2025-05-26', 'Went with competitor'),
(21, 'Won', '2025-01-21', NULL),
(22, 'Lost', '2024-12-26', 'Price too high'),
(23, 'Lost', '2025-05-06', 'Price too high'),
(24, 'Lost', '2025-02-06', 'No follow-up'),
(25, 'Lost', '2025-06-03', 'Price too high'),
(26, 'Lost', '2025-02-22', 'No follow-up'),
(27, 'Won', '2025-01-10', NULL),
(28, 'Won', '2025-06-05', NULL),
(29, 'Won', '2025-02-04', NULL),
(30, 'Won', '2025-06-10', NULL),
(31, 'Won', '2025-01-28', NULL),
(32, 'Lost', '2025-03-07', 'Went with competitor'),
(33, 'Won', '2025-02-16', NULL),
(34, 'Won', '2025-04-07', NULL),
(35, 'Lost', '2025-05-12', 'Went with competitor'),
(36, 'Won', '2025-06-17', NULL),
(37, 'Lost', '2025-03-02', 'Not interested'),
(38, 'Won', '2025-01-31', NULL),
(39, 'Lost', '2025-03-22', 'Went with competitor'),
(40, 'Lost', '2025-03-14', 'Price too high'),
(41, 'Won', '2025-02-20', NULL),
(42, 'Lost', '2025-05-17', 'Not interested'),
(43, 'Won', '2025-03-02', NULL),
(44, 'Won', '2025-05-12', NULL),
(45, 'Won', '2025-06-29', NULL),
(46, 'Lost', '2025-04-28', 'Not interested'),
(47, 'Lost', '2025-05-06', 'Went with competitor'),
(48, 'Lost', '2025-01-03', 'Not interested'),
(49, 'Won', '2025-04-28', NULL),
(50, 'Won', '2025-05-02', NULL),
(51, 'Lost', '2025-01-25', 'Price too high'),
(52, 'Won', '2025-04-07', NULL),
(53, 'Lost', '2025-05-25', 'Financing issues'),
(54, 'Lost', '2025-02-21', 'Price too high'),
(55, 'Lost', '2025-01-20', 'Financing issues'),
(56, 'Won', '2025-03-26', NULL),
(57, 'Won', '2025-03-06', NULL),
(58, 'Lost', '2025-02-27', 'Financing issues'),
(59, 'Won', '2025-06-27', NULL),
(60, 'Won', '2025-05-13', NULL),
(61, 'Lost', '2025-05-05', 'No follow-up'),
(62, 'Won', '2025-04-04', NULL),
(63, 'Won', '2025-01-30', NULL),
(64, 'Won', '2025-05-11', NULL),
(65, 'Won', '2025-03-12', NULL),
(66, 'Won', '2025-06-11', NULL),
(67, 'Lost', '2025-05-17', 'Went with competitor'),
(68, 'Won', '2025-06-03', NULL),
(69, 'Lost', '2025-01-19', 'No follow-up'),
(70, 'Won', '2025-02-19', NULL),
(71, 'Lost', '2025-06-04', 'Financing issues'),
(72, 'Lost', '2024-12-23', 'Not interested'),
(73, 'Lost', '2025-06-05', 'Financing issues'),
(74, 'Won', '2025-03-10', NULL),
(75, 'Won', '2025-03-08', NULL),
(76, 'Won', '2025-02-24', NULL),
(77, 'Lost', '2025-01-04', 'Went with competitor'),
(78, 'Lost', '2025-02-15', 'Went with competitor'),
(79, 'Won', '2025-06-26', NULL),
(80, 'Lost', '2025-04-27', 'Not interested'),
(81, 'Lost', '2025-06-29', 'Price too high'),
(82, 'Won', '2025-05-21', NULL),
(83, 'Lost', '2025-02-23', 'Financing issues'),
(84, 'Won', '2025-02-10', NULL),
(85, 'Won', '2025-05-04', NULL),
(86, 'Lost', '2025-04-11', 'Financing issues'),
(87, 'Lost', '2025-03-23', 'Price too high'),
(88, 'Won', '2025-06-12', NULL),
(89, 'Lost', '2025-06-22', 'Price too high'),
(90, 'Lost', '2025-05-11', 'No follow-up'),
(91, 'Won', '2025-03-30', NULL),
(92, 'Lost', '2025-01-16', 'Price too high'),
(93, 'Lost', '2025-02-10', 'Financing issues'),
(94, 'Lost', '2025-01-24', 'Price too high'),
(95, 'Won', '2025-02-22', NULL),
(96, 'Lost', '2025-05-27', 'Went with competitor'),
(97, 'Lost', '2025-04-09', 'Price too high'),
(98, 'Lost', '2025-04-15', 'Financing issues'),
(99, 'Lost', '2025-02-18', 'Financing issues'),
(100, 'Won', '2025-05-15', NULL),
(101, 'Lost', '2025-05-03', 'Not interested'),
(102, 'Won', '2025-03-18', NULL),
(103, 'Won', '2025-07-02', NULL),
(104, 'Lost', '2025-05-03', 'Financing issues'),
(105, 'Won', '2025-03-07', NULL),
(106, 'Won', '2025-03-18', NULL),
(107, 'Won', '2025-02-09', NULL),
(108, 'Lost', '2025-01-30', 'Not interested'),
(109, 'Lost', '2025-04-09', 'Not interested'),
(110, 'Won', '2025-04-12', NULL),
(111, 'Lost', '2025-01-27', 'Went with competitor'),
(112, 'Won', '2025-06-02', NULL),
(113, 'Lost', '2025-01-13', 'Financing issues'),
(114, 'Won', '2025-06-05', NULL),
(115, 'Won', '2025-01-27', NULL),
(116, 'Won', '2025-02-03', NULL),
(117, 'Lost', '2025-05-07', 'No follow-up'),
(118, 'Won', '2025-01-31', NULL),
(119, 'Lost', '2025-06-04', 'Financing issues'),
(120, 'Won', '2025-05-08', NULL),
(121, 'Won', '2025-04-01', NULL),
(122, 'Lost', '2025-05-02', 'Not interested'),
(123, 'Won', '2024-12-31', NULL),
(124, 'Lost', '2025-03-11', 'Financing issues'),
(125, 'Lost', '2025-03-02', 'No follow-up'),
(126, 'Lost', '2025-04-16', 'Financing issues'),
(127, 'Lost', '2025-03-23', 'No follow-up'),
(128, 'Won', '2025-04-06', NULL),
(129, 'Won', '2025-02-16', NULL),
(130, 'Won', '2025-04-13', NULL),
(131, 'Won', '2025-06-21', NULL),
(132, 'Won', '2025-01-12', NULL),
(133, 'Won', '2025-05-01', NULL),
(134, 'Won', '2025-05-23', NULL),
(135, 'Won', '2025-01-24', NULL),
(136, 'Lost', '2025-05-18', 'Price too high'),
(137, 'Won', '2025-06-30', NULL),
(138, 'Won', '2025-04-17', NULL),
(139, 'Won', '2025-05-22', NULL),
(140, 'Lost', '2025-02-22', 'No follow-up'),
(141, 'Lost', '2025-05-20', 'Financing issues'),
(142, 'Won', '2025-05-15', NULL),
(143, 'Won', '2025-03-13', NULL),
(144, 'Won', '2025-01-19', NULL),
(145, 'Won', '2025-03-07', NULL),
(146, 'Won', '2025-03-13', NULL),
(147, 'Lost', '2025-02-10', 'No follow-up'),
(148, 'Won', '2025-03-26', NULL),
(149, 'Lost', '2025-01-09', 'Financing issues'),
(150, 'Won', '2025-05-22', NULL),
(151, 'Lost', '2025-06-12', 'No follow-up'),
(152, 'Won', '2025-05-23', NULL),
(153, 'Lost', '2025-03-02', 'Not interested'),
(154, 'Lost', '2025-04-14', 'Financing issues'),
(155, 'Lost', '2025-05-23', 'No follow-up'),
(156, 'Won', '2025-01-21', NULL),
(157, 'Won', '2025-04-10', NULL),
(158, 'Won', '2025-06-19', NULL),
(159, 'Won', '2025-01-06', NULL),
(160, 'Won', '2025-06-06', NULL),
(161, 'Lost', '2025-04-23', 'Not interested'),
(162, 'Won', '2025-02-16', NULL),
(163, 'Won', '2025-06-14', NULL),
(164, 'Won', '2025-05-13', NULL),
(165, 'Won', '2025-04-14', NULL),
(166, 'Won', '2025-04-14', NULL),
(167, 'Lost', '2025-02-16', 'Price too high'),
(168, 'Won', '2025-02-08', NULL),
(169, 'Lost', '2025-03-21', 'Financing issues'),
(170, 'Lost', '2025-06-07', 'Went with competitor'),
(171, 'Won', '2025-02-03', NULL),
(172, 'Won', '2025-04-07', NULL),
(173, 'Won', '2025-06-03', NULL),
(174, 'Lost', '2025-06-21', 'Not interested'),
(175, 'Lost', '2025-04-03', 'No follow-up'),
(176, 'Lost', '2025-06-17', 'Not interested'),
(177, 'Lost', '2024-12-17', 'No follow-up'),
(178, 'Won', '2025-04-19', NULL),
(179, 'Won', '2025-02-28', NULL),
(180, 'Lost', '2025-04-12', 'Price too high'),
(181, 'Lost', '2025-01-08', 'No follow-up'),
(182, 'Won', '2025-01-23', NULL),
(183, 'Lost', '2025-06-21', 'Not interested'),
(184, 'Lost', '2025-03-12', 'Price too high'),
(185, 'Won', '2025-06-05', NULL),
(186, 'Lost', '2025-06-11', 'Price too high'),
(187, 'Lost', '2025-06-12', 'Not interested'),
(188, 'Won', '2025-03-03', NULL),
(189, 'Lost', '2025-02-02', 'Financing issues'),
(190, 'Won', '2025-01-18', NULL),
(191, 'Lost', '2025-02-24', 'Not interested'),
(192, 'Won', '2025-06-06', NULL),
(193, 'Lost', '2025-05-01', 'Not interested'),
(194, 'Won', '2025-01-15', NULL),
(195, 'Lost', '2025-01-04', 'Not interested'),
(196, 'Won', '2025-05-18', NULL),
(197, 'Won', '2025-04-14', NULL),
(198, 'Lost', '2025-06-16', 'Financing issues'),
(199, 'Lost', '2024-12-30', 'No follow-up'),
(200, 'Lost', '2025-05-28', 'Not interested'),
(201, 'Won', '2025-04-16', NULL),
(202, 'Lost', '2025-05-21', 'Price too high'),
(203, 'Lost', '2025-01-31', 'Financing issues'),
(204, 'Lost', '2025-01-15', 'Price too high'),
(205, 'Won', '2025-05-16', NULL),
(206, 'Won', '2025-04-03', NULL),
(207, 'Won', '2025-04-03', NULL),
(208, 'Won', '2025-02-09', NULL),
(209, 'Lost', '2025-02-22', 'No follow-up'),
(210, 'Won', '2025-04-06', NULL),
(211, 'Won', '2025-06-11', NULL),
(212, 'Won', '2025-04-22', NULL),
(213, 'Won', '2025-03-26', NULL),
(214, 'Lost', '2025-01-27', 'No follow-up'),
(215, 'Won', '2025-06-20', NULL),
(216, 'Lost', '2025-04-23', 'Financing issues'),
(217, 'Lost', '2025-05-24', 'No follow-up'),
(218, 'Won', '2025-05-19', NULL),
(219, 'Lost', '2025-05-05', 'Not interested'),
(220, 'Won', '2025-02-03', NULL),
(221, 'Won', '2025-05-16', NULL),
(222, 'Won', '2025-02-22', NULL),
(223, 'Won', '2025-03-11', NULL),
(224, 'Won', '2025-05-05', NULL),
(225, 'Won', '2025-04-25', NULL),
(226, 'Won', '2025-03-09', NULL),
(227, 'Won', '2025-04-02', NULL),
(228, 'Lost', '2025-07-04', 'Price too high'),
(229, 'Lost', '2025-04-12', 'No follow-up'),
(230, 'Lost', '2025-03-23', 'Not interested'),
(231, 'Lost', '2025-01-25', 'Financing issues'),
(232, 'Won', '2025-02-18', NULL),
(233, 'Lost', '2025-02-11', 'Financing issues'),
(234, 'Won', '2025-01-22', NULL),
(235, 'Lost', '2025-03-06', 'Not interested'),
(236, 'Won', '2024-12-23', NULL),
(237, 'Won', '2025-04-27', NULL),
(238, 'Lost', '2025-04-07', 'Financing issues'),
(239, 'Lost', '2025-02-20', 'Financing issues'),
(240, 'Lost', '2025-04-21', 'Financing issues'),
(241, 'Lost', '2025-02-03', 'Financing issues'),
(242, 'Lost', '2025-01-01', 'Price too high'),
(243, 'Lost', '2025-01-07', 'Price too high'),
(244, 'Lost', '2025-05-27', 'Went with competitor'),
(245, 'Won', '2025-04-28', NULL),
(246, 'Won', '2025-01-08', NULL),
(247, 'Won', '2025-02-19', NULL),
(248, 'Won', '2025-01-11', NULL),
(249, 'Lost', '2025-06-19', 'Price too high'),
(250, 'Won', '2025-01-11', NULL),
(251, 'Won', '2025-06-06', NULL),
(252, 'Won', '2025-02-20', NULL),
(253, 'Won', '2025-01-08', NULL),
(254, 'Lost', '2025-04-18', 'Went with competitor'),
(255, 'Won', '2025-02-01', NULL),
(256, 'Won', '2025-03-04', NULL),
(257, 'Won', '2025-05-09', NULL),
(258, 'Lost', '2025-03-24', 'Went with competitor'),
(259, 'Lost', '2025-02-01', 'Price too high'),
(260, 'Won', '2025-04-21', NULL),
(261, 'Won', '2025-01-11', NULL),
(262, 'Won', '2025-05-19', NULL),
(263, 'Won', '2025-07-09', NULL),
(264, 'Lost', '2025-06-22', 'Financing issues'),
(265, 'Lost', '2025-04-13', 'No follow-up'),
(266, 'Won', '2025-04-21', NULL),
(267, 'Lost', '2025-03-20', 'Went with competitor'),
(268, 'Won', '2025-02-03', NULL),
(269, 'Won', '2025-06-12', NULL),
(270, 'Lost', '2025-04-07', 'Price too high'),
(271, 'Won', '2025-05-26', NULL),
(272, 'Won', '2025-03-29', NULL),
(273, 'Won', '2025-02-05', NULL),
(274, 'Won', '2025-01-24', NULL),
(275, 'Won', '2025-01-14', NULL),
(276, 'Lost', '2025-05-01', 'Not interested'),
(277, 'Lost', '2025-04-01', 'No follow-up'),
(278, 'Lost', '2025-02-23', 'Not interested'),
(279, 'Won', '2025-03-13', NULL),
(280, 'Lost', '2025-03-18', 'Not interested'),
(281, 'Lost', '2025-04-06', 'No follow-up'),
(282, 'Lost', '2025-06-20', 'Financing issues'),
(283, 'Won', '2025-05-17', NULL),
(284, 'Lost', '2025-01-19', 'Price too high'),
(285, 'Lost', '2025-05-14', 'Went with competitor'),
(286, 'Lost', '2025-04-24', 'No follow-up'),
(287, 'Won', '2025-05-11', NULL),
(288, 'Lost', '2025-01-18', 'Not interested'),
(289, 'Won', '2025-01-12', NULL),
(290, 'Lost', '2025-03-20', 'Went with competitor'),
(291, 'Won', '2025-05-19', NULL),
(292, 'Won', '2025-02-28', NULL),
(293, 'Won', '2025-06-14', NULL),
(294, 'Won', '2025-06-20', NULL),
(295, 'Won', '2025-01-20', NULL),
(296, 'Won', '2025-02-20', NULL),
(297, 'Won', '2025-02-10', NULL),
(298, 'Won', '2025-02-11', NULL),
(299, 'Won', '2025-04-12', NULL),
(300, 'Lost', '2025-04-05', 'Price too high'),
(301, 'Won', '2025-01-26', NULL),
(302, 'Won', '2025-03-12', NULL),
(303, 'Won', '2025-02-01', NULL),
(304, 'Won', '2025-02-24', NULL),
(305, 'Won', '2025-04-03', NULL),
(306, 'Lost', '2025-02-22', 'Price too high'),
(307, 'Won', '2025-06-23', NULL),
(308, 'Lost', '2025-07-04', 'No follow-up'),
(309, 'Won', '2024-12-31', NULL),
(310, 'Won', '2025-04-04', NULL),
(311, 'Won', '2025-05-25', NULL),
(312, 'Lost', '2025-06-15', 'No follow-up'),
(313, 'Won', '2025-06-22', NULL),
(314, 'Lost', '2025-04-16', 'Went with competitor'),
(315, 'Won', '2025-01-11', NULL),
(316, 'Won', '2025-01-10', NULL),
(317, 'Lost', '2025-05-12', 'Went with competitor'),
(318, 'Won', '2025-04-16', NULL),
(319, 'Won', '2025-06-04', NULL),
(320, 'Lost', '2024-12-20', 'Financing issues'),
(321, 'Won', '2025-01-07', NULL),
(322, 'Won', '2025-06-17', NULL),
(323, 'Lost', '2025-05-27', 'Went with competitor'),
(324, 'Won', '2025-06-05', NULL),
(325, 'Lost', '2025-02-18', 'Financing issues'),
(326, 'Won', '2025-01-23', NULL),
(327, 'Won', '2025-03-09', NULL),
(328, 'Lost', '2025-03-29', 'Financing issues'),
(329, 'Won', '2025-04-07', NULL),
(330, 'Lost', '2025-01-31', 'Financing issues'),
(331, 'Won', '2025-06-24', NULL),
(332, 'Won', '2025-03-21', NULL),
(333, 'Won', '2025-06-17', NULL),
(334, 'Won', '2025-01-12', NULL),
(335, 'Won', '2025-01-19', NULL),
(336, 'Won', '2025-03-24', NULL),
(337, 'Won', '2024-12-27', NULL),
(338, 'Lost', '2025-03-15', 'Price too high'),
(339, 'Won', '2025-02-26', NULL),
(340, 'Lost', '2025-06-29', 'Not interested'),
(341, 'Lost', '2025-06-11', 'Went with competitor'),
(342, 'Lost', '2025-06-03', 'No follow-up'),
(343, 'Lost', '2025-04-05', 'Went with competitor'),
(344, 'Won', '2025-02-23', NULL),
(345, 'Won', '2025-04-03', NULL),
(346, 'Won', '2025-05-22', NULL),
(347, 'Lost', '2025-05-19', 'Financing issues'),
(348, 'Lost', '2025-06-09', 'No follow-up'),
(349, 'Won', '2025-04-16', NULL),
(350, 'Lost', '2025-05-13', 'Price too high'),
(351, 'Won', '2025-05-12', NULL),
(352, 'Lost', '2025-03-31', 'No follow-up'),
(353, 'Won', '2025-02-05', NULL),
(354, 'Lost', '2025-02-15', 'No follow-up'),
(355, 'Lost', '2025-02-17', 'Not interested'),
(356, 'Lost', '2025-02-17', 'Price too high'),
(357, 'Won', '2025-01-22', NULL),
(358, 'Won', '2025-04-20', NULL),
(359, 'Won', '2025-05-10', NULL),
(360, 'Won', '2025-04-21', NULL),
(361, 'Won', '2025-01-09', NULL),
(362, 'Won', '2025-05-16', NULL),
(363, 'Lost', '2025-03-04', 'Financing issues'),
(364, 'Won', '2025-01-18', NULL),
(365, 'Lost', '2025-01-04', 'Not interested'),
(366, 'Lost', '2025-04-29', 'Financing issues'),
(367, 'Lost', '2025-03-21', 'No follow-up'),
(368, 'Lost', '2025-04-13', 'Price too high'),
(369, 'Won', '2025-06-30', NULL),
(370, 'Won', '2025-06-07', NULL),
(371, 'Lost', '2025-04-14', 'No follow-up'),
(372, 'Lost', '2025-01-27', 'Financing issues'),
(373, 'Lost', '2025-01-05', 'No follow-up'),
(374, 'Won', '2025-04-01', NULL),
(375, 'Won', '2025-01-17', NULL),
(376, 'Lost', '2025-06-13', 'No follow-up'),
(377, 'Won', '2025-01-23', NULL),
(378, 'Lost', '2025-01-22', 'No follow-up'),
(379, 'Lost', '2025-04-16', 'Not interested'),
(380, 'Won', '2025-01-15', NULL),
(381, 'Lost', '2025-05-14', 'Not interested'),
(382, 'Lost', '2025-06-17', 'Financing issues'),
(383, 'Lost', '2025-02-13', 'No follow-up'),
(384, 'Won', '2025-03-23', NULL),
(385, 'Won', '2025-01-26', NULL),
(386, 'Lost', '2025-06-22', 'Price too high'),
(387, 'Lost', '2025-06-22', 'Not interested'),
(388, 'Lost', '2025-04-22', 'No follow-up'),
(389, 'Won', '2025-02-21', NULL),
(390, 'Lost', '2025-04-13', 'Price too high'),
(391, 'Lost', '2025-04-28', 'Not interested'),
(392, 'Won', '2024-12-26', NULL),
(393, 'Lost', '2025-05-10', 'Financing issues'),
(394, 'Won', '2025-01-11', NULL),
(395, 'Won', '2025-03-13', NULL),
(396, 'Won', '2025-04-29', NULL),
(397, 'Won', '2025-05-03', NULL),
(398, 'Won', '2025-04-29', NULL),
(399, 'Won', '2025-04-14', NULL),
(400, 'Lost', '2025-02-28', 'Not interested'),
(401, 'Won', '2025-07-05', NULL),
(402, 'Won', '2025-02-17', NULL),
(403, 'Lost', '2025-01-31', 'Went with competitor'),
(404, 'Lost', '2025-05-05', 'No follow-up'),
(405, 'Won', '2025-05-25', NULL),
(406, 'Won', '2025-02-27', NULL),
(407, 'Won', '2025-02-03', NULL),
(408, 'Lost', '2025-02-18', 'Price too high'),
(409, 'Won', '2025-03-17', NULL),
(410, 'Won', '2025-01-19', NULL),
(411, 'Lost', '2025-05-11', 'Not interested'),
(412, 'Won', '2025-05-11', NULL),
(413, 'Lost', '2025-02-23', 'Financing issues'),
(414, 'Won', '2025-04-04', NULL),
(415, 'Won', '2025-02-24', NULL),
(416, 'Lost', '2025-06-30', 'No follow-up'),
(417, 'Won', '2025-05-28', NULL),
(418, 'Lost', '2025-07-07', 'No follow-up'),
(419, 'Won', '2025-01-20', NULL),
(420, 'Lost', '2024-12-18', 'Went with competitor'),
(421, 'Won', '2025-03-30', NULL),
(422, 'Lost', '2025-04-20', 'Price too high'),
(423, 'Lost', '2025-04-08', 'Went with competitor'),
(424, 'Lost', '2025-01-15', 'Went with competitor'),
(425, 'Won', '2025-01-03', NULL),
(426, 'Won', '2025-04-22', NULL),
(427, 'Lost', '2025-02-20', 'Price too high'),
(428, 'Lost', '2025-04-18', 'No follow-up'),
(429, 'Won', '2025-02-15', NULL),
(430, 'Won', '2025-01-25', NULL),
(431, 'Lost', '2025-07-07', 'Not interested'),
(432, 'Won', '2025-02-26', NULL),
(433, 'Lost', '2025-06-27', 'Financing issues'),
(434, 'Lost', '2025-01-05', 'Financing issues'),
(435, 'Won', '2025-06-07', NULL),
(436, 'Won', '2025-02-08', NULL),
(437, 'Lost', '2025-03-11', 'Price too high'),
(438, 'Lost', '2025-02-27', 'No follow-up'),
(439, 'Lost', '2025-01-16', 'Price too high'),
(440, 'Won', '2025-04-03', NULL),
(441, 'Won', '2025-06-05', NULL),
(442, 'Lost', '2025-04-06', 'Financing issues'),
(443, 'Won', '2025-05-26', NULL),
(444, 'Lost', '2025-03-04', 'Price too high'),
(445, 'Won', '2025-04-15', NULL),
(446, 'Won', '2025-06-01', NULL),
(447, 'Won', '2025-04-26', NULL),
(448, 'Won', '2025-04-16', NULL),
(449, 'Lost', '2024-12-23', 'No follow-up'),
(450, 'Lost', '2025-04-27', 'Price too high'),
(451, 'Won', '2025-06-03', NULL),
(452, 'Lost', '2025-04-19', 'Price too high'),
(453, 'Lost', '2025-03-06', 'No follow-up'),
(454, 'Won', '2025-07-01', NULL),
(455, 'Won', '2025-05-03', NULL),
(456, 'Lost', '2025-01-08', 'Financing issues'),
(457, 'Won', '2025-07-04', NULL),
(458, 'Won', '2025-06-28', NULL),
(459, 'Lost', '2025-02-01', 'No follow-up'),
(460, 'Lost', '2025-02-25', 'Not interested'),
(461, 'Lost', '2025-01-23', 'No follow-up'),
(462, 'Lost', '2025-06-07', 'No follow-up'),
(463, 'Won', '2025-01-16', NULL),
(464, 'Won', '2025-06-01', NULL),
(465, 'Won', '2025-04-15', NULL),
(466, 'Lost', '2025-01-25', 'Financing issues'),
(467, 'Lost', '2025-03-01', 'Not interested'),
(468, 'Won', '2025-03-03', NULL),
(469, 'Won', '2025-04-27', NULL),
(470, 'Won', '2025-02-16', NULL),
(471, 'Lost', '2025-05-11', 'Price too high'),
(472, 'Won', '2025-03-06', NULL),
(473, 'Won', '2025-01-26', NULL),
(474, 'Lost', '2025-05-04', 'No follow-up'),
(475, 'Won', '2025-05-01', NULL),
(476, 'Won', '2025-06-13', NULL),
(477, 'Lost', '2025-02-22', 'Price too high'),
(478, 'Lost', '2025-04-09', 'Not interested'),
(479, 'Lost', '2025-04-13', 'Went with competitor'),
(480, 'Lost', '2025-02-11', 'Price too high'),
(481, 'Lost', '2025-06-16', 'No follow-up'),
(482, 'Lost', '2025-06-12', 'Not interested'),
(483, 'Won', '2025-06-03', NULL),
(484, 'Won', '2024-12-28', NULL),
(485, 'Won', '2025-01-04', NULL),
(486, 'Won', '2025-04-29', NULL),
(487, 'Lost', '2025-03-28', 'Price too high'),
(488, 'Lost', '2025-06-02', 'No follow-up'),
(489, 'Lost', '2025-02-25', 'Not interested'),
(490, 'Won', '2025-01-03', NULL),
(491, 'Won', '2024-12-29', NULL),
(492, 'Lost', '2025-03-13', 'Not interested'),
(493, 'Lost', '2025-06-06', 'Financing issues'),
(494, 'Won', '2025-01-11', NULL),
(495, 'Won', '2025-05-11', NULL),
(496, 'Won', '2025-02-15', NULL),
(497, 'Won', '2025-02-05', NULL),
(498, 'Lost', '2025-05-21', 'No follow-up'),
(499, 'Won', '2025-03-31', NULL),
(500, 'Lost', '2025-04-21', 'Price too high');


SELECT 
    ROUND(SUM(CASE WHEN status = 'Won' THEN 1 ELSE 0 END) * 100.0 / COUNT(*), 2) AS conversion_rate_percent
FROM Conversions;

SELECT 
    sc.consultant_name,
    COUNT(c.lead_id) AS total_leads,
    SUM(CASE WHEN c.status = 'Won' THEN 1 ELSE 0 END) AS total_converted,
    ROUND(SUM(CASE WHEN c.status = 'Won' THEN 1 ELSE 0 END) * 100.0 / COUNT(c.lead_id), 2) AS conversion_rate_percent
FROM Conversions c
JOIN Lead_Assignments la ON c.lead_id = la.lead_id
JOIN Solar_Consultants sc ON la.consultant_id = sc.consultant_id
GROUP BY sc.consultant_id
ORDER BY conversion_rate_percent DESC;

SELECT 
    l.source,
    COUNT(c.lead_id) AS total_leads,
    SUM(CASE WHEN c.status = 'Won' THEN 1 ELSE 0 END) AS converted,
    ROUND(SUM(CASE WHEN c.status = 'Won' THEN 1 ELSE 0 END) * 100.0 / COUNT(c.lead_id), 2) AS conversion_rate_percent
FROM Conversions c
JOIN Leads l ON c.lead_id = l.lead_id
GROUP BY l.source
ORDER BY conversion_rate_percent DESC;

SELECT 
    ROUND(AVG(DATEDIFF(c.conversion_date, l.inquiry_date)), 2) AS avg_days_to_convert
FROM Conversions c
JOIN Leads l ON c.lead_id = l.lead_id
WHERE c.status = 'Won';

SELECT 
    l.region,
    l.product_interested,
    COUNT(*) AS total_won,
    ROUND(AVG(DATEDIFF(c.conversion_date, l.inquiry_date)), 2) AS avg_days_to_convert
FROM Conversions c
JOIN Leads l ON c.lead_id = l.lead_id
WHERE c.status = 'Won'
GROUP BY l.region, l.product_interested
ORDER BY avg_days_to_convert;

SELECT 
    loss_reason,
    COUNT(*) AS total_lost
FROM Conversions
WHERE status = 'Lost'
GROUP BY loss_reason
ORDER BY total_lost DESC;

SELECT 
    ROUND(AVG(fu_count), 2) AS avg_followups_to_close
FROM (
    SELECT COUNT(*) AS fu_count
    FROM Follow_Ups fu
    JOIN Conversions c ON fu.lead_id = c.lead_id
    WHERE c.status = 'Won'
    GROUP BY fu.lead_id
) sub;